family,dataset_id,model,selector,feature_count,folds,test_accuracy_mean,test_accuracy_std,test_macro_f1_mean,test_macro_f1_std,test_balanced_accuracy_mean,test_balanced_accuracy_std,best_epoch_mean,best_epoch_std
bert,20ng,bert_cls,df,1000,5,0.5070816264061424,0.041852772741635104,0.5000849993064937,0.04416977140512778,0.5024191919191919,0.04535620312255829,18.2,4.381780460041329
bert,20ng,bert_cls,df,1500,5,0.5575220263755325,0.023163230729073624,0.5471963656251996,0.03411525550561108,0.5514574314574314,0.0247498544810995,17.4,7.436396977031283
bert,20ng,bert_cls,df,2000,5,0.6018457771088948,0.014226000989665456,0.5980545487006315,0.013411954493125702,0.599044733044733,0.014541764740683654,14.6,3.507135583350036
bert,20ng,bert_cls,df,500,5,0.3618257531311379,0.0804709115610765,0.3409890168145319,0.09820847277066538,0.3529675324675325,0.08198718568367717,10.8,4.147288270665544
bert,20ng,bert_cls,dfs,1000,5,0.6059168941152463,0.03734400142782017,0.6063452639674495,0.03784974361256338,0.6057709235209235,0.03645598657559281,14.8,3.5637059362410923
bert,20ng,bert_cls,dfs,1500,5,0.6311348111113946,0.04011108940063912,0.6294994844946029,0.04326923307464257,0.6322164502164502,0.04161128848424752,20.0,11.067971810589327
bert,20ng,bert_cls,dfs,2000,5,0.6249979083233426,0.04222095480058568,0.6254343610958198,0.040181847628962944,0.624166305916306,0.044121603831260965,13.0,3.605551275463989
bert,20ng,bert_cls,dfs,500,5,0.5615670994566743,0.03979811566686614,0.5633118586661333,0.039680327921015904,0.5623888888888889,0.03842444358881568,10.0,1.5811388300841898
bert,20ng,bert_cls,ig,1000,5,0.6078508022345228,0.01701250823494694,0.6002668159817577,0.02024935831656694,0.6057647907647907,0.018356308431937866,14.6,5.594640292279746
bert,20ng,bert_cls,ig,1500,5,0.6128655715123843,0.0174464921205742,0.6040469422626792,0.02383541327552957,0.6115036075036074,0.02092403271628641,12.6,6.107372593840988
bert,20ng,bert_cls,ig,2000,5,0.6130134428487616,0.047685287667870765,0.6115212746014158,0.0488513846105791,0.614301948051948,0.04811468088135312,14.2,3.1144823004794873
bert,20ng,bert_cls,ig,500,5,0.5555425860265796,0.03048198237176605,0.5584467322251572,0.03232160155277711,0.5582279942279942,0.03367799562558428,16.8,3.3466401061363023
bert,20ng,bert_cls,none,all,5,0.6905447542279928,0.031588268899399384,0.6856500382996951,0.028746096404096106,0.6885948773448773,0.02921273115256973,11.8,3.1144823004794873
bert,amazon_review_full,bert_cls,df,1000,5,0.44921516674280493,0.04672010306071949,0.44586560389985763,0.042642414235941256,0.4493589743589743,0.046544906666794866,9.6,4.159326868617084
bert,amazon_review_full,bert_cls,df,1500,5,0.47751291812598345,0.038115253961568465,0.4746295724089245,0.036545131501883085,0.4776410256410257,0.03790858931672636,9.2,2.6832815729997477
bert,amazon_review_full,bert_cls,df,2000,5,0.4754421095375869,0.02110686595362611,0.4759201921876611,0.02090099582056754,0.47517948717948716,0.020930758393875783,8.2,2.7748873851023217
bert,amazon_review_full,bert_cls,df,500,5,0.4222505964164256,0.03356445568263825,0.4154960925793114,0.04355566660314344,0.42228205128205126,0.03342362032743075,9.0,4.69041575982343
bert,amazon_review_full,bert_cls,dfs,1000,5,0.397149484797726,0.01970494008891542,0.3948945822071238,0.018032636254222505,0.3971538461538462,0.019667351975490032,7.4,3.7815340802378072
bert,amazon_review_full,bert_cls,dfs,1500,5,0.4173110502004974,0.032870346068833864,0.4165609885396986,0.03240003229061947,0.4171538461538462,0.032681798210223705,12.0,5.049752469181039
bert,amazon_review_full,bert_cls,dfs,2000,5,0.42019486320491345,0.022919457406351245,0.4141621479916589,0.026391741681386655,0.4203076923076923,0.02283502131712567,8.6,1.6733200530681511
bert,amazon_review_full,bert_cls,dfs,500,5,0.37009933505913406,0.03441125594904585,0.3666677187684285,0.030027859423634937,0.37012820512820516,0.03403840117817815,8.0,3.605551275463989
bert,amazon_review_full,bert_cls,ig,1000,5,0.399069032028831,0.05213388488390707,0.394044380904102,0.0546199693449634,0.39897435897435896,0.05215719614584538,7.2,3.2710854467592254
bert,amazon_review_full,bert_cls,ig,1500,5,0.4313059743160246,0.03870368303858798,0.43191037492045653,0.03756802927752905,0.43120512820512824,0.038601412325594664,8.0,3.8078865529319543
bert,amazon_review_full,bert_cls,ig,2000,5,0.4333413532308005,0.03360203523387488,0.4165768667655438,0.018503315239793233,0.43274358974358973,0.03297746426340144,4.4,1.51657508881031
bert,amazon_review_full,bert_cls,ig,500,5,0.39711943556164664,0.043002684621955105,0.3929975535667624,0.039838742644128684,0.3972564102564103,0.0427775579116083,5.4,1.816590212458495
bert,amazon_review_full,bert_cls,none,all,5,0.4964220090350744,0.03649514502164859,0.49218773072952926,0.03528291007675781,0.4961282051282051,0.03657661076376322,5.2,2.588435821108957
bert,farm_ads,bert_cls,df,1000,5,0.8376797637390858,0.022976237622953186,0.8357067894458323,0.02401283110431439,0.8362399509595132,0.02332995158976174,4.8,3.03315017762062
bert,farm_ads,bert_cls,df,1500,5,0.8569594247560349,0.020009327503975955,0.856697589427569,0.019968361810261688,0.8570525264369314,0.020030150968777256,7.6,5.504543577809154
bert,farm_ads,bert_cls,df,2000,5,0.8206664098613251,0.043708083355118534,0.8184288344094436,0.04761044476303237,0.8219520986689249,0.041572008349783744,7.6,4.159326868617084
bert,farm_ads,bert_cls,df,500,5,0.842231638418079,0.023841347642303088,0.8405519942543084,0.02412436380819758,0.8407276565963296,0.024060496369224003,5.6,2.1908902300206643
bert,farm_ads,bert_cls,dfs,1000,5,0.8331086286594761,0.033934194148607,0.8323335661226368,0.03369200094556178,0.8323574343273386,0.03305203909225184,5.2,3.96232255123179
bert,farm_ads,bert_cls,dfs,1500,5,0.8444401643554186,0.029388323442163498,0.8440885778049774,0.029456821290933244,0.8444970761113032,0.028616667704100526,5.4,3.9115214431215892
bert,farm_ads,bert_cls,dfs,2000,5,0.8365626605033385,0.009863282100761228,0.8358767057781006,0.009928737987763862,0.8362427236845841,0.00892555823748751,8.2,5.403702434442518
bert,farm_ads,bert_cls,dfs,500,5,0.8308680020544427,0.0206984398357405,0.8301566357300457,0.020762616379968537,0.8300958427497415,0.02064602816463563,4.0,1.8708286933869707
bert,farm_ads,bert_cls,ig,1000,5,0.8206535695942475,0.02298060322270714,0.8196908084018514,0.02280316926883981,0.819862933843782,0.021746708741833504,2.8,0.8366600265340756
bert,farm_ads,bert_cls,ig,1500,5,0.8228813559322034,0.041439043986628364,0.8216959207846903,0.04121405036298603,0.8229654795728667,0.039699300281942004,3.6,0.8944271909999159
bert,farm_ads,bert_cls,ig,2000,5,0.8263032871083719,0.02098596955250466,0.8256506843338208,0.020948563195332538,0.8262537644753787,0.020512604780551693,7.8,2.16794833886788
bert,farm_ads,bert_cls,ig,500,5,0.8297380585516179,0.017517834657934394,0.8291916696991818,0.017425585633918585,0.829396698452786,0.01722793700259415,5.6,3.4351128074635335
bert,farm_ads,bert_cls,none,all,5,0.8569594247560349,0.015971832294097967,0.8565787321156274,0.015968738268590195,0.8563818610330238,0.016004040021978142,8.4,2.9664793948382653
bert,wos5736,bert_cls,df,1000,5,0.8513208007865172,0.015280487092037793,0.8403378530259457,0.013300168085986979,0.8404868649137424,0.015335908725619555,10.8,2.4899799195977463
bert,wos5736,bert_cls,df,1500,5,0.8623258728676338,0.008761155602395888,0.8477330764185338,0.009187929985701119,0.8500706019935269,0.01084557089074613,13.0,2.5495097567963922
bert,wos5736,bert_cls,df,2000,5,0.8703264789741572,0.012281231638064063,0.8611662188501595,0.016327052812796564,0.8608028861783803,0.01801834204376393,12.8,1.9235384061671346
bert,wos5736,bert_cls,df,500,5,0.8553111035897725,0.007438184119219316,0.8443800838897291,0.01222444160524916,0.843230544159398,0.009977259563451607,9.8,2.588435821108957
bert,wos5736,bert_cls,dfs,1000,5,0.8954729198179193,0.022877911426758192,0.8877268537843619,0.027745461239546895,0.8892677283191117,0.02938782747521526,10.0,2.23606797749979
bert,wos5736,bert_cls,dfs,1500,5,0.8794119091555969,0.026712717105148116,0.8668940124060207,0.02917212406257585,0.8671192049057662,0.030414016767676952,11.2,2.4899799195977463
bert,wos5736,bert_cls,dfs,2000,5,0.882305763227837,0.041524022395383,0.8714668036839842,0.047413432494572035,0.872912459740523,0.04838245948343433,12.8,4.494441010848846
bert,wos5736,bert_cls,dfs,500,5,0.8702748533180334,0.027752878827104945,0.8600550751400144,0.026690198868866193,0.8611452546136341,0.03118981591550473,12.2,4.658325879540846
bert,wos5736,bert_cls,ig,1000,5,0.8773714520527988,0.029934266638158204,0.8687088497686352,0.03335543783272118,0.8686968861178348,0.036396835872969165,10.6,3.286335345030997
bert,wos5736,bert_cls,ig,1500,5,0.8782756624753182,0.0444438073005712,0.8657172747375187,0.05009483209301713,0.8668034172678442,0.05165533928607504,11.0,3.391164991562634
bert,wos5736,bert_cls,ig,2000,5,0.8823665769309208,0.02350069605117818,0.873125796046913,0.02457015801347093,0.8737361485681644,0.027352250867847778,14.0,2.449489742783178
bert,wos5736,bert_cls,ig,500,5,0.8834024150096138,0.023210202401682832,0.8740854509962845,0.027772597380560267,0.8755444489634214,0.02782931139099556,10.6,4.929503017546495
bert,wos5736,bert_cls,none,all,5,0.8149770495531424,0.030320490728974064,0.8170822209294951,0.031026927960530828,0.8171460667132604,0.03164583147953955,13.0,3.7416573867739413
classic,20ng,fasttext_cnn,df,1000,5,0.4527321378465934,0.02097390422408113,0.4383765491755438,0.016737733054095472,0.4462215007215007,0.02058154483936975,69.4,29.441467354736243
classic,20ng,fasttext_cnn,df,1500,5,0.4819544677703237,0.0358083052983559,0.460911270092482,0.040026594722506664,0.47212914862914857,0.03751763966291299,62.4,22.018174311236617
classic,20ng,fasttext_cnn,df,2000,5,0.5070303038032804,0.025884756505608807,0.4962365963765076,0.030601099119793827,0.49876659451659455,0.025839608624926604,60.4,19.932385707686876
classic,20ng,fasttext_cnn,df,500,5,0.3528152437313471,0.00875619060179282,0.33544442372163463,0.010191917977644998,0.34678210678210675,0.00859610117810677,51.0,11.937336386313323
classic,20ng,fasttext_cnn,dfs,1000,5,0.6090234931000178,0.03058406111825714,0.6059824535928319,0.031204756489791288,0.6081911976911977,0.03329510951591653,46.0,10.653637876331258
classic,20ng,fasttext_cnn,dfs,1500,5,0.6009321225416422,0.03125860244000868,0.5922886340487687,0.032179515479585995,0.5961829004329005,0.03325994867091264,51.6,11.610340218959994
classic,20ng,fasttext_cnn,dfs,2000,5,0.6170332372522511,0.023628885458031393,0.606772798354236,0.025238379844344964,0.6123398268398268,0.02659889249189876,52.4,14.892951352905172
classic,20ng,fasttext_cnn,dfs,500,5,0.5727195367701451,0.02985328144590597,0.5702146389007811,0.03284609483684998,0.5715180375180374,0.031237823047279394,34.0,17.11724276862369
classic,20ng,fasttext_cnn,ig,1000,5,0.5505677116547203,0.03191514757930046,0.5415980970676995,0.026517452167569608,0.5463214285714286,0.031057667665444905,55.4,15.274161188098022
classic,20ng,fasttext_cnn,ig,1500,5,0.542451215468204,0.051539478511849625,0.5278687118416273,0.05301059818207483,0.5373852813852813,0.05476366620771872,43.2,13.330416347586448
classic,20ng,fasttext_cnn,ig,2000,5,0.5585319235772772,0.014847796425292497,0.5477093131936425,0.013168891922942556,0.5538181818181819,0.011644209732831888,77.4,37.3001340480165
classic,20ng,fasttext_cnn,ig,500,5,0.5141320307119354,0.018478228425565707,0.5016360879480731,0.01811625875129747,0.5105122655122655,0.020892953107589658,51.4,11.84483009586883
classic,20ng,fasttext_cnn,none,all,5,0.5514301966686223,0.014881106063250965,0.5409750683274756,0.012428875695974683,0.5462453102453102,0.012413811060874401,68.6,29.610808837314796
classic,20ng,fasttext_lstm,df,1000,5,0.18652495982450323,0.044382772154380384,0.17706112498600907,0.04408581217442177,0.18240800865800866,0.042198931522516095,50.2,18.088670487352022
classic,20ng,fasttext_lstm,df,1500,5,0.18135165676096218,0.03505050211070714,0.17353141477252088,0.03402807393986505,0.17716450216450216,0.03565029310268627,44.2,28.647862049374645
classic,20ng,fasttext_lstm,df,2000,5,0.2006306405122057,0.017162216462537124,0.1898487624056816,0.014688304742572683,0.19471969696969696,0.0172861640376736,38.2,16.208022704821214
classic,20ng,fasttext_lstm,df,500,5,0.14412399561258066,0.006828049152306885,0.13651642771615616,0.010811489316320462,0.14162806637806638,0.008008439097634715,46.6,14.570518178843194
classic,20ng,fasttext_lstm,dfs,1000,5,0.48592964824120605,0.02306910161634077,0.48279614875200466,0.020937687984008087,0.48425937950937953,0.024257935591883887,51.0,25.64176280991617
classic,20ng,fasttext_lstm,dfs,1500,5,0.4445492436803306,0.00881247325737771,0.4329275720743432,0.007649738456879716,0.4398499278499278,0.004240191090021417,43.0,32.526911934581186
classic,20ng,fasttext_lstm,dfs,2000,5,0.4687983827768283,0.03705320186909503,0.4664137696748308,0.03501656988319151,0.4626067821067821,0.035924367801094,56.4,21.477895613863105
classic,20ng,fasttext_lstm,dfs,500,5,0.47787330051271587,0.035440832500547234,0.46948201394047334,0.04012460914621935,0.4737806637806638,0.033894759910230964,37.4,24.98599607780326
classic,20ng,fasttext_lstm,ig,1000,5,0.2327469836492105,0.053456949646188516,0.22509606587461195,0.04545736422057504,0.23386075036075035,0.04715115144925182,45.6,21.605554841290235
classic,20ng,fasttext_lstm,ig,1500,5,0.2107728745249088,0.041249600426110256,0.20187265136277824,0.03591591757265761,0.20276695526695523,0.039326400719349744,62.6,23.933240482642546
classic,20ng,fasttext_lstm,ig,2000,5,0.2025645486314823,0.022755940991802677,0.19144734416380418,0.026533581770391116,0.1962694805194805,0.024447097001584827,34.6,12.300406497347964
classic,20ng,fasttext_lstm,ig,500,5,0.27416713006657656,0.03414247218392448,0.2676650548092146,0.031571955435487034,0.266241341991342,0.032137205786197276,56.6,7.368853370776216
classic,20ng,fasttext_lstm,none,all,5,0.17451947555034053,0.02637672349889884,0.15715960090264142,0.035996412940014114,0.16977886002886003,0.030265558633138227,28.2,15.658863304850707
classic,20ng,fasttext_wa,df,1000,5,0.47597548656990535,0.04546966916580339,0.4537571880309533,0.051196189794923075,0.465794733044733,0.04729903283350981,116.4,34.435446853496764
classic,20ng,fasttext_wa,df,1500,5,0.51427441777415,0.03651750645069059,0.4916849717080662,0.04279100951766121,0.5030981240981242,0.038871102191983836,97.0,29.715315916207253
classic,20ng,fasttext_wa,df,2000,5,0.5393598449098284,0.03127398552496469,0.5281027546929677,0.032128840390058803,0.5341248196248196,0.02929242707591825,142.2,43.65432395536552
classic,20ng,fasttext_wa,df,500,5,0.3709060020916767,0.023661268749142424,0.3465244973254319,0.031768408742169,0.35830122655122654,0.02791883139957042,110.6,47.95101667326773
classic,20ng,fasttext_wa,dfs,1000,5,0.6310839476570671,0.04080942701583998,0.6228535747579539,0.03577413878553437,0.6258989898989898,0.04070641882396707,50.0,21.470910553583888
classic,20ng,fasttext_wa,dfs,1500,5,0.6341958778664898,0.03299282900683415,0.627929546824802,0.03593095256806927,0.6300598845598845,0.03469712669972491,68.8,22.30919093109385
classic,20ng,fasttext_wa,dfs,2000,5,0.6371957248169783,0.030202245330838987,0.6317172970049223,0.03280949576274971,0.6319671717171718,0.02982998691646511,76.8,33.94407164734366
classic,20ng,fasttext_wa,dfs,500,5,0.6049627324439456,0.050707804823166336,0.5976480688895989,0.05205465022094427,0.6017734487734487,0.04975168254001092,50.2,11.541230437002806
classic,20ng,fasttext_wa,ig,1000,5,0.5716641073387241,0.0344058144656597,0.5571607758350391,0.03651647512747206,0.5632150072150072,0.03450594089140386,91.2,27.91415411578864
classic,20ng,fasttext_wa,ig,1500,5,0.5686129377853736,0.03480721472362746,0.5578533678573917,0.035528172437170366,0.5626147186147186,0.031036822432408847,94.6,26.55748482066779
classic,20ng,fasttext_wa,ig,2000,5,0.5916784174680509,0.03824530853095395,0.5825122353625186,0.038688296281300306,0.583829365079365,0.03879108686987137,119.6,50.48068937722622
classic,20ng,fasttext_wa,ig,500,5,0.5354210647144351,0.03450047098075729,0.5226531117629891,0.0338607171359964,0.5297460317460317,0.036716383484413716,104.0,25.563646062328434
classic,20ng,fasttext_wa,none,all,5,0.6462660765757723,0.020800838322267652,0.6385785491810096,0.01837917007247117,0.640541847041847,0.022616699620773367,93.4,37.380476187443094
classic,20ng,random_cnn,df,1000,5,0.43348391704716477,0.023885144246305917,0.41714877284594154,0.02753534289558751,0.4217943722943723,0.026355234960483656,55.4,16.742162345408076
classic,20ng,random_cnn,df,1500,5,0.42845330714486135,0.020896858643562416,0.4049490676536669,0.024910924351616234,0.4152193362193362,0.023445561738925202,79.8,27.105350025410115
classic,20ng,random_cnn,df,2000,5,0.4447016809938015,0.03894340357814142,0.42901167629376075,0.03742385570090386,0.4350851370851371,0.03816028398468527,68.4,13.649175799292792
classic,20ng,random_cnn,df,500,5,0.34884082850802234,0.014452437647075742,0.3329934647861069,0.011504740544008126,0.3398737373737374,0.014289879844023115,50.4,27.418971534322726
classic,20ng,random_cnn,dfs,1000,5,0.5585829400811162,0.039104706387869975,0.5435961416572637,0.039483410715232585,0.5517474747474747,0.03921238809416131,50.0,19.06567596493762
classic,20ng,random_cnn,dfs,1500,5,0.5616033466826519,0.03304828422683277,0.5467888250572517,0.026840406621434953,0.5556756854256855,0.03452242244002203,68.0,23.885141824992374
classic,20ng,random_cnn,dfs,2000,5,0.5787906537764967,0.04134701784058687,0.5653680762500599,0.04417315180854739,0.5749209956709957,0.04514399246836705,61.6,15.372052563011877
classic,20ng,random_cnn,dfs,500,5,0.5444457311940413,0.0434232816685946,0.5410972068595369,0.043366046879336186,0.5453174603174603,0.04429962518599993,38.6,23.870483866063545
classic,20ng,random_cnn,ig,1000,5,0.4920415784506288,0.037544657562363255,0.46819314387158323,0.0400141216901687,0.48073304473304473,0.042222485691067804,60.0,15.795568998931314
classic,20ng,random_cnn,ig,1500,5,0.4930004591485346,0.022052506537599242,0.4697619036170493,0.02341776999298903,0.4816940836940837,0.01900447346998718,69.2,19.070920271449932
classic,20ng,random_cnn,ig,2000,5,0.4699404637400199,0.04368950321648367,0.4559385200227123,0.04771483062791694,0.4613077200577201,0.04440557900018169,50.4,10.358571330062848
classic,20ng,random_cnn,ig,500,5,0.4818225901078999,0.0234006896935681,0.46316179840863536,0.020147344264082146,0.4766471861471861,0.025071762859447275,65.6,20.995237555217134
classic,20ng,random_cnn,none,all,5,0.4567374690712446,0.05202907609180294,0.4339638584311276,0.05094458688936204,0.4415523088023088,0.05540688887102987,62.2,26.957373759326035
classic,20ng,random_lstm,df,1000,5,0.1661587123434431,0.03867938152382308,0.157449915006666,0.042665403490849026,0.16017604617604617,0.038393432703582905,38.6,16.501515081955354
classic,20ng,random_lstm,df,1500,5,0.16233170930796112,0.01437330321638054,0.1498058656309615,0.017296857850340696,0.1549592352092352,0.014623444366256658,32.8,11.861703081766969
classic,20ng,random_lstm,df,2000,5,0.15326105145014413,0.010456656881173814,0.1393012022163616,0.017641743734486667,0.1457806637806638,0.011288387173301464,21.6,13.501851724856113
classic,20ng,random_lstm,df,500,5,0.16435211590949672,0.030208593671094484,0.1524576252933179,0.025212977821894217,0.1578445165945166,0.02682846667848991,27.2,14.88959368149447
classic,20ng,random_lstm,dfs,1000,5,0.45875223834910595,0.0154298497932322,0.45009150171645856,0.01033393753711312,0.4523903318903319,0.02098601294534021,51.6,29.347913043349436
classic,20ng,random_lstm,dfs,1500,5,0.4014134122388593,0.03938252636306305,0.38445044591914357,0.03298410369502087,0.3924924242424242,0.03703344201986612,47.2,20.571825392998065
classic,20ng,random_lstm,dfs,2000,5,0.34699311277198175,0.04818116758632044,0.3310332174340906,0.048110084827213406,0.3378124098124098,0.04879162111257855,30.2,6.906518659932803
classic,20ng,random_lstm,dfs,500,5,0.493086498482259,0.031119881042127703,0.48746056342758215,0.03202611017901989,0.48674206349206345,0.028825068121450345,40.0,19.78635893740938
classic,20ng,random_lstm,ig,1000,5,0.21075200877483866,0.03840444411682486,0.1970625307874571,0.037352617965645804,0.204502886002886,0.03731679094297077,34.6,26.14000765110829
classic,20ng,random_lstm,ig,1500,5,0.20865561309083488,0.00704721597724478,0.19570120629216878,0.010178414199263982,0.20195815295815295,0.007800470356797269,44.6,14.859340496805368
classic,20ng,random_lstm,ig,2000,5,0.19465120016325282,0.01959924746995859,0.1843529593998912,0.018201640706886374,0.1861468253968254,0.018215001020548363,42.4,24.714368290530917
classic,20ng,random_lstm,ig,500,5,0.21374713669872203,0.019167241607063224,0.20372472770503128,0.016575783953373897,0.20883008658008656,0.016185913799853704,41.0,10.04987562112089
classic,20ng,random_lstm,none,all,5,0.14408851363416064,0.01942174546604688,0.12956121508700053,0.028835082507366803,0.1379621212121212,0.02119398216180279,15.4,11.414902540100814
classic,20ng,random_wa,df,1000,5,0.43257498150651735,0.03074996689548522,0.4167609347097367,0.03182405956376731,0.42461363636363636,0.03160298512774919,154.0,43.2145808726638
classic,20ng,random_wa,df,1500,5,0.46572634747340763,0.025712441736880722,0.44905722971583784,0.02861627327044564,0.45862806637806636,0.026168676895876753,124.4,32.377461296401854
classic,20ng,random_wa,df,2000,5,0.4959899497487437,0.02569733850911746,0.48012023423343725,0.022400159740883437,0.48991594516594517,0.022539985542255267,135.8,45.24046860942092
classic,20ng,random_wa,df,500,5,0.33373971379741346,0.05179443506556875,0.3107761168316459,0.05552192670981441,0.32355266955266954,0.05003220152746565,123.0,63.229739838148944
classic,20ng,random_wa,dfs,1000,5,0.5705313113792312,0.019015094700184344,0.5637303949955856,0.022951314889244408,0.5664170274170274,0.019688748133837124,69.0,28.310775333784132
classic,20ng,random_wa,dfs,1500,5,0.5957802974262174,0.027909334886023148,0.5918603774903748,0.030854608919136495,0.5921562049062049,0.028387262096255382,81.0,28.661821295933027
classic,20ng,random_wa,dfs,2000,5,0.6129980613728542,0.020422247980076424,0.6096250679725729,0.027451791505211477,0.6082074314574314,0.022339500256591597,100.4,24.22395508582362
classic,20ng,random_wa,dfs,500,5,0.567643547687677,0.034128394998062125,0.5624482603160029,0.03385434734466432,0.5665826118326118,0.03234227206488805,83.8,23.134389985474005
classic,20ng,random_wa,ig,1000,5,0.535400198964365,0.03298504394258756,0.5223474440305709,0.029700850256586617,0.5280151515151515,0.03003687693776338,135.8,39.06020993287159
classic,20ng,random_wa,ig,1500,5,0.5323342601331531,0.021216081985192814,0.5224272377822718,0.022049386136090594,0.5266356421356422,0.022672297398005997,135.8,42.02023322162789
classic,20ng,random_wa,ig,2000,5,0.5425074101471826,0.04684526387417792,0.5307178596675045,0.046105392827475694,0.5353820346320346,0.04575952857871106,112.0,26.115129714401192
classic,20ng,random_wa,ig,500,5,0.4871784812386807,0.05900427912707441,0.4765509274545338,0.05671744033709857,0.481515873015873,0.05835232023321556,132.0,48.43552415324934
classic,20ng,random_wa,none,all,5,0.5848057291533811,0.031029339908823603,0.5735639531786922,0.02868166119193637,0.5769101731601731,0.029125204699624003,139.8,46.42951647389837
classic,amazon_review_full,fasttext_cnn,df,1000,5,0.3740284757118928,0.029813558583912228,0.36749159817983124,0.026780716615669338,0.3738461538461539,0.029999315135728594,17.8,2.04939015319192
classic,amazon_review_full,fasttext_cnn,df,1500,5,0.34004888076747375,0.020748071745050885,0.3360887928406435,0.025729600787185704,0.33992307692307694,0.02093095471353969,27.2,10.986355173577815
classic,amazon_review_full,fasttext_cnn,df,2000,5,0.34914461194863206,0.03886539766865582,0.34432939927139156,0.0407077960832626,0.348974358974359,0.038636886614116364,20.8,4.266145801540309
classic,amazon_review_full,fasttext_cnn,df,500,5,0.373043601847622,0.025560157415814945,0.36721652008273215,0.02366562482671094,0.3726666666666667,0.026011648379400003,29.2,14.872793954062566
classic,amazon_review_full,fasttext_cnn,dfs,1000,5,0.36601837470179177,0.025632730327214987,0.3644455389418962,0.024194970678573582,0.3658205128205128,0.025908794158106888,13.4,4.03732584763727
classic,amazon_review_full,fasttext_cnn,dfs,1500,5,0.3579982234404345,0.025616127657940517,0.3569580696317219,0.02185749396791512,0.35784615384615387,0.025777425664692575,16.4,8.706319543871567
classic,amazon_review_full,fasttext_cnn,dfs,2000,5,0.343953048068626,0.03666721842455037,0.3337859559122003,0.030018268432722428,0.34392307692307694,0.03656258762640028,20.0,13.019216566291536
classic,amazon_review_full,fasttext_cnn,dfs,500,5,0.32712466372265364,0.0437197375858039,0.32484538825348835,0.04561461114641036,0.3271282051282051,0.0438139595405915,16.6,11.802542099056456
classic,amazon_review_full,fasttext_cnn,ig,1000,5,0.3600689305111416,0.025592447693087855,0.35659655814962415,0.022960037292777093,0.3598717948717949,0.02562355173823074,19.4,6.06630035524124
classic,amazon_review_full,fasttext_cnn,ig,1500,5,0.3480792345566215,0.033464134204285866,0.3487039400796465,0.031036094986693942,0.34805128205128205,0.03343726401171432,23.2,8.438009243891594
classic,amazon_review_full,fasttext_cnn,ig,2000,5,0.34108938632556723,0.048567463544342535,0.34142402331657296,0.04585409913202324,0.34087179487179486,0.04850166226639609,20.4,1.6733200530681511
classic,amazon_review_full,fasttext_cnn,ig,500,5,0.3440385767219938,0.03060512997173765,0.33732986686650623,0.027941456688239667,0.3437435897435897,0.030575431345647188,21.0,12.649110640673518
classic,amazon_review_full,fasttext_cnn,none,all,5,0.3300036038779757,0.03236629364924945,0.3218238124777202,0.03549218386028709,0.32971794871794874,0.032708442473969604,23.4,7.26636084983398
classic,amazon_review_full,fasttext_lstm,df,1000,5,0.3329379726917415,0.03480684735586297,0.32717730311947946,0.03209577179125371,0.33287179487179486,0.03490319570395317,16.8,2.7748873851023217
classic,amazon_review_full,fasttext_lstm,df,1500,5,0.30485198720877116,0.030593170984428857,0.30284949529161315,0.02860245221038649,0.3047435897435897,0.030631234354498493,15.4,5.594640292279746
classic,amazon_review_full,fasttext_lstm,df,2000,5,0.30285203796761584,0.016321228374143036,0.30322242432383567,0.016400756220635197,0.3028974358974359,0.016213666202593603,19.4,7.893034904268446
classic,amazon_review_full,fasttext_lstm,df,500,5,0.3019024922592762,0.029806289278553375,0.2966439676537638,0.0295816982593631,0.3018205128205128,0.029784371908660828,21.2,11.322543883774529
classic,amazon_review_full,fasttext_lstm,dfs,1000,5,0.37706380386782395,0.03111847358677979,0.3693809787872477,0.03246896371616436,0.3771025641025641,0.031125422297777587,13.8,10.47377677822093
classic,amazon_review_full,fasttext_lstm,dfs,1500,5,0.37509395462159284,0.02127995555212065,0.366621020740135,0.03021096981547117,0.374974358974359,0.021505698524659233,8.2,1.3038404810405297
classic,amazon_review_full,fasttext_lstm,dfs,2000,5,0.36203334856098673,0.03324519682639779,0.35151189140211336,0.03724392126070936,0.3620769230769231,0.03382276289632218,14.2,5.805170109479997
classic,amazon_review_full,fasttext_lstm,dfs,500,5,0.36516496624536826,0.04051719197595418,0.3547613170625363,0.03488633995792196,0.3651282051282051,0.039743072784065525,18.4,18.365728953678914
classic,amazon_review_full,fasttext_lstm,ig,1000,5,0.3399882239480229,0.014202777202753931,0.3334946601409708,0.0153233155511337,0.33999999999999997,0.01417116183468754,9.8,1.9235384061671346
classic,amazon_review_full,fasttext_lstm,ig,1500,5,0.3570134003350084,0.031094644952886417,0.35578103679425654,0.03166069148470565,0.35725641025641025,0.030954649655677267,16.4,4.39317652729776
classic,amazon_review_full,fasttext_lstm,ig,2000,5,0.3309932998324958,0.020871712080343104,0.32939214579580306,0.01871384518281519,0.3313846153846154,0.020869377104341412,20.2,8.167006795638168
classic,amazon_review_full,fasttext_lstm,ig,500,5,0.36999319831480637,0.03700857180358659,0.3693606174415688,0.03832985283854351,0.3697692307692308,0.037311370864553384,17.2,11.541230437002806
classic,amazon_review_full,fasttext_lstm,none,all,5,0.32396309831988224,0.014970334500622105,0.3176843937908018,0.017788263537767173,0.3241538461538461,0.014714184723733597,19.6,16.816658407662327
classic,amazon_review_full,fasttext_wa,df,1000,5,0.38610425866707276,0.02802631356228138,0.37771685383915615,0.028511875750482526,0.3858974358974359,0.028236433675647904,23.8,3.03315017762062
classic,amazon_review_full,fasttext_wa,df,1500,5,0.3610891325313436,0.024811530162709327,0.35641494797264917,0.03190065902709666,0.36092307692307696,0.024786962119716486,40.2,26.262140049889307
classic,amazon_review_full,fasttext_wa,df,2000,5,0.3621344601796863,0.017608864941145524,0.35671574664744027,0.020008436589956515,0.362,0.01747229421366173,34.6,24.337214302380623
classic,amazon_review_full,fasttext_wa,df,500,5,0.37312430841074057,0.0211524287060598,0.3601812239135747,0.026470107535054833,0.372974358974359,0.021079784882761122,26.6,14.046351839534704
classic,amazon_review_full,fasttext_wa,dfs,1000,5,0.3711092330338561,0.017493065109051426,0.36618347015012026,0.029427628795303678,0.3711282051282051,0.017505376275692645,38.2,38.40833242930497
classic,amazon_review_full,fasttext_wa,dfs,1500,5,0.38010938531039035,0.025029527891466407,0.37878539454143356,0.031234157584445053,0.379948717948718,0.025233394432949544,26.4,10.830512453249845
classic,amazon_review_full,fasttext_wa,dfs,2000,5,0.36409415765697173,0.01033191930541456,0.362093782732033,0.009867861265605711,0.364,0.01031449896451055,41.8,17.82414093301554
classic,amazon_review_full,fasttext_wa,dfs,500,5,0.3731092330338561,0.012568260092002844,0.35880453145518515,0.017892746387318418,0.37333333333333335,0.01255886861154711,14.2,12.794530081249565
classic,amazon_review_full,fasttext_wa,ig,1000,5,0.3891951169991371,0.02025601351161534,0.3898018606155734,0.021724732344292605,0.3890512820512821,0.020358110489971652,42.8,17.137677789012137
classic,amazon_review_full,fasttext_wa,ig,1500,5,0.3470840566468707,0.01426935834350863,0.34623568935994364,0.016584466039053922,0.3469230769230769,0.01408127764136299,50.0,32.25678223257862
classic,amazon_review_full,fasttext_wa,ig,2000,5,0.36707380336023554,0.019841270983312356,0.3558113685574955,0.01832379302669359,0.3668205128205128,0.01965418485332124,34.4,28.92749557082327
classic,amazon_review_full,fasttext_wa,ig,500,5,0.3580587787421958,0.008902663354136336,0.34782249356952144,0.017148287636854772,0.3576923076923077,0.00916240711505508,23.2,6.723094525588644
classic,amazon_review_full,fasttext_wa,none,all,5,0.3680838028526471,0.03734242516970308,0.3644781699700702,0.037604829378961147,0.36805128205128207,0.03714713446482863,24.6,13.258959235173778
classic,amazon_review_full,random_cnn,df,1000,5,0.33601350185269785,0.017399756702206465,0.33065641957410663,0.016682009381484335,0.33615384615384614,0.017405705383053485,28.0,11.726039399558575
classic,amazon_review_full,random_cnn,df,1500,5,0.3440337038728999,0.02307880096759192,0.33221525010028424,0.03462728881184121,0.34394871794871795,0.02329074727467445,19.6,16.486357996840905
classic,amazon_review_full,random_cnn,df,2000,5,0.3320335008375209,0.023702276395695478,0.3151640924562114,0.038041987070868186,0.332,0.02377757577626841,28.4,21.12581359380036
classic,amazon_review_full,random_cnn,df,500,5,0.3309932490736511,0.014514510188364001,0.32320384549592746,0.01053894054994245,0.33076923076923076,0.01461538461538461,25.2,16.48332490731163
classic,amazon_review_full,random_cnn,dfs,1000,5,0.34191254251053244,0.03248371966634745,0.3407170912349625,0.03569861473949757,0.34174358974358976,0.0326544023590293,26.2,10.084641788382967
classic,amazon_review_full,random_cnn,dfs,1500,5,0.3249783767321456,0.03824879851931543,0.32296922125534816,0.04531645557347165,0.3249230769230769,0.038486914705524206,30.4,15.69394787808345
classic,amazon_review_full,random_cnn,dfs,2000,5,0.3469680726866657,0.03011083270436013,0.33800391310319905,0.03589384408270523,0.34664102564102567,0.030449919004652135,22.2,12.070625501605125
classic,amazon_review_full,random_cnn,dfs,500,5,0.35807405715445917,0.02411212582485004,0.3550732752053847,0.024621545315166856,0.35817948717948717,0.024006286159002802,19.2,5.357238094391549
classic,amazon_review_full,random_cnn,ig,1000,5,0.36505395665194657,0.03475914485919972,0.35476581260838846,0.03173900058100441,0.36487179487179483,0.03461301036491952,18.0,11.895377253370318
classic,amazon_review_full,random_cnn,ig,1500,5,0.35912461296380893,0.04522091975378253,0.34794967468735977,0.05303779590172284,0.35902564102564105,0.04545912325283564,33.0,28.098042636454235
classic,amazon_review_full,random_cnn,ig,2000,5,0.3499980711639003,0.03400528587383129,0.3391711901550954,0.04503364715097534,0.34989743589743594,0.03382057599962995,27.0,16.263455967290593
classic,amazon_review_full,random_cnn,ig,500,5,0.3330185777371707,0.04180776110663856,0.3310749874611915,0.052262118385866696,0.33307692307692305,0.04182543714818081,32.8,20.1791972090071
classic,amazon_review_full,random_cnn,none,all,5,0.3268672148621897,0.03686348317147411,0.31936112917273113,0.036976987520441346,0.32705128205128203,0.03663157276998752,34.4,20.80384579831335
classic,amazon_review_full,random_lstm,df,1000,5,0.24169082787675752,0.03933748189970607,0.23637392016548403,0.03442261426428338,0.24161538461538462,0.03939013633178598,17.6,11.802542099056456
classic,amazon_review_full,random_lstm,df,1500,5,0.29085701233439926,0.023234742417964863,0.2864798013829243,0.023024636277026993,0.2907435897435897,0.023501507218721334,17.2,11.882760622010359
classic,amazon_review_full,random_lstm,df,2000,5,0.25677635653012537,0.01649381489936725,0.2543152655442501,0.020169836636395284,0.25674358974358974,0.016651521718521904,14.8,8.25832912882503
classic,amazon_review_full,random_lstm,df,500,5,0.2537412314095731,0.012014160788727074,0.24998439293398475,0.017912782160542495,0.25366666666666665,0.011827088109473272,25.2,20.32732151563506
classic,amazon_review_full,random_lstm,dfs,1000,5,0.33292771940510635,0.025752225235999238,0.33115233882476663,0.02686603111597637,0.33287179487179486,0.02582396279755226,11.2,5.540758070878027
classic,amazon_review_full,random_lstm,dfs,1500,5,0.2886957514846962,0.05729759357185615,0.28116711273837763,0.061202665415263556,0.2885128205128205,0.05755700658679256,25.2,16.437761404765553
classic,amazon_review_full,random_lstm,dfs,2000,5,0.3148620882188721,0.04087203970740254,0.3144082225944762,0.04385005998950999,0.31466666666666665,0.040938669833123005,24.0,12.589678312014172
classic,amazon_review_full,random_lstm,dfs,500,5,0.33704395715953506,0.047600682506691305,0.33056973050492033,0.04083800242978197,0.3370512820512821,0.04753307786293942,15.2,8.927485648266257
classic,amazon_review_full,random_lstm,ig,1000,5,0.3139428962996802,0.01820873702571339,0.30878244742018646,0.02013754354760932,0.31402564102564107,0.018320912055365395,10.8,6.300793600809346
classic,amazon_review_full,random_lstm,ig,1500,5,0.3118775189076697,0.03524203530520228,0.312792692878875,0.03658831293132498,0.3117179487179487,0.03556133869799371,12.2,6.942621983083913
classic,amazon_review_full,random_lstm,ig,2000,5,0.3159379219328968,0.021608054170712175,0.31600458982281443,0.019354696906863537,0.316,0.021604637350105784,31.2,24.10808992848666
classic,amazon_review_full,random_lstm,ig,500,5,0.3128269123394751,0.04112971124108314,0.3066179015332063,0.04132858061767435,0.31269230769230766,0.041296481790632264,23.8,23.94159560263267
classic,amazon_review_full,random_lstm,none,all,5,0.261776610324349,0.025015949117693035,0.2561996231280668,0.029137322977999737,0.2615384615384615,0.025048768999740623,17.0,12.409673645990857
classic,amazon_review_full,random_wa,df,1000,5,0.3530639053855134,0.02113911249970908,0.35017215414762254,0.019921181130285976,0.3527948717948718,0.0211358509317418,71.4,28.094483444263574
classic,amazon_review_full,random_wa,df,1500,5,0.33594776914877417,0.04391063293177739,0.3345741875160798,0.04432006159422136,0.33576923076923076,0.043984636610129926,39.2,15.61089363233252
classic,amazon_review_full,random_wa,df,2000,5,0.3521191310085783,0.036285417755170024,0.35215628426940226,0.03632319024782791,0.35194871794871796,0.03611875456456381,68.0,31.280984639234106
classic,amazon_review_full,random_wa,df,500,5,0.34192254200294403,0.030651958940662048,0.3389392639757304,0.03256291933886892,0.3417179487179487,0.030872236771690372,69.0,27.76688675382964
classic,amazon_review_full,random_wa,dfs,1000,5,0.3570135018526978,0.022738572647141745,0.3550078112004864,0.021703668757754608,0.3567692307692308,0.023010481275295164,31.6,10.737783756436894
classic,amazon_review_full,random_wa,dfs,1500,5,0.34501862849601544,0.026058741360313248,0.34151965595797024,0.020888622799039476,0.3447948717948718,0.025979591697077857,38.0,15.313392831113555
classic,amazon_review_full,random_wa,dfs,2000,5,0.3409377188975179,0.05020444704353638,0.33312701376836445,0.05321737334663931,0.34084615384615385,0.0503110476154398,32.6,25.793410011086166
classic,amazon_review_full,random_wa,dfs,500,5,0.3308874676412365,0.041032617485862066,0.32920627489355714,0.03595117116124917,0.33056410256410257,0.04134348033495056,48.2,35.273219303034985
classic,amazon_review_full,random_wa,ig,1000,5,0.3550992335414446,0.026863289795858822,0.35177315237475215,0.027689070803018218,0.35507692307692307,0.026810754708648892,31.6,19.932385707686876
classic,amazon_review_full,random_wa,ig,1500,5,0.35615983960205067,0.03591218632116241,0.35665632183405144,0.03744531730905793,0.3561025641025641,0.03594394880395448,56.0,28.178005607210743
classic,amazon_review_full,random_wa,ig,2000,5,0.3529881224303335,0.021481653056445303,0.3512393118075687,0.024501024081424745,0.3528205128205128,0.02168524465240018,57.6,38.48766036017258
classic,amazon_review_full,random_wa,ig,500,5,0.36205400741079136,0.03231244650672647,0.35845220478205003,0.03323183308244954,0.3617948717948718,0.03246071818139691,44.0,19.183326093250876
classic,amazon_review_full,random_wa,none,all,5,0.3209529973097812,0.026039758310420616,0.3213099321633897,0.024531755527576967,0.32087179487179485,0.02603059823952244,41.4,26.378021153983482
classic,farm_ads,fasttext_cnn,df,1000,5,0.81948510529019,0.033915412004802276,0.8194108626198652,0.03385391242271294,0.8196901563249033,0.03362763274710261,17.6,17.30028901492689
classic,farm_ads,fasttext_cnn,df,1500,5,0.8365048793014894,0.0368774462782344,0.8361521401989475,0.036750832415793924,0.8363353427238516,0.036578815029377924,6.8,1.3038404810405297
classic,farm_ads,fasttext_cnn,df,2000,5,0.8387904468412943,0.022080266408644692,0.838217858181072,0.022394470285613026,0.8379824583381354,0.022362748682145942,15.0,6.244997998398398
classic,farm_ads,fasttext_cnn,df,500,5,0.8262968669748331,0.03224123690698508,0.8259519145570484,0.03221057018727369,0.8262346226504913,0.03220150672373898,20.6,18.10524785801067
classic,farm_ads,fasttext_cnn,dfs,1000,5,0.8353556753980482,0.03548795961539191,0.8346427899412356,0.03584048236325173,0.8344015674248233,0.03570127639675126,11.0,5.338539126015656
classic,farm_ads,fasttext_cnn,dfs,1500,5,0.8228620955315871,0.05414385182065452,0.8224039220109525,0.05418384943325667,0.8220958961998633,0.054012927837417825,10.6,5.9833101206606365
classic,farm_ads,fasttext_cnn,dfs,2000,5,0.8296931176168464,0.03702269384218464,0.8290641661724414,0.037128474373591534,0.8286757231216876,0.03700570957945672,10.6,9.044335243676011
classic,farm_ads,fasttext_cnn,dfs,500,5,0.8137840267077555,0.03541012853074877,0.8134746648511904,0.03547186459455655,0.8132845768003086,0.03541260886877598,16.4,10.382677881933928
classic,farm_ads,fasttext_cnn,ig,1000,5,0.8160695942475603,0.031801227617522985,0.8155301445186453,0.03203679424819008,0.8152741907735068,0.032089822938017876,13.6,10.784247771634329
classic,farm_ads,fasttext_cnn,ig,1500,5,0.821738572162301,0.032811769361527805,0.8208673571173305,0.033217429881504355,0.8206381777517209,0.033143522037179726,20.2,15.039946808416577
classic,farm_ads,fasttext_cnn,ig,2000,5,0.8205957883923986,0.04884371289070546,0.8194838632720334,0.04985366790729529,0.8193293178929294,0.049706726204024006,7.6,8.17312669668102
classic,farm_ads,fasttext_cnn,ig,500,5,0.8274075500770416,0.037629100433469044,0.8268601326081515,0.03726239827888473,0.826648109452487,0.0369389841705463,8.6,4.722287581247038
classic,farm_ads,fasttext_cnn,none,all,5,0.8444658448895737,0.03574999492907625,0.8437433665747253,0.035797410002351406,0.8433025661069437,0.03564703521170289,22.0,8.602325267042627
classic,farm_ads,fasttext_lstm,df,1000,5,0.8070107858243452,0.03541223825501261,0.8058841288955617,0.03536929234889523,0.8065026416052408,0.03569747384993348,11.4,7.861297602813418
classic,farm_ads,fasttext_lstm,df,1500,5,0.82179635336415,0.03251683239119584,0.8217705748498655,0.03249652228289587,0.8222528558233072,0.03239761297448797,18.4,9.09945053286186
classic,farm_ads,fasttext_lstm,df,2000,5,0.81948510529019,0.02904420978213574,0.8180447871306717,0.02941550333899796,0.8184525855661287,0.029577827023344265,9.8,4.764451699828638
classic,farm_ads,fasttext_lstm,df,500,5,0.7888161273754494,0.03382122905387027,0.7879648190201609,0.033982497000505575,0.7880361088979421,0.03407578998393726,8.6,3.646916505762094
classic,farm_ads,fasttext_lstm,dfs,1000,5,0.8524011299435028,0.02562590491466014,0.8512701125294216,0.025524515555284392,0.8507286754892773,0.025233798303564176,4.8,1.0954451150103321
classic,farm_ads,fasttext_lstm,dfs,1500,5,0.8342449922958397,0.026072191152828186,0.8338702574687027,0.026131162988947357,0.8340479614624622,0.025923542705749182,5.2,2.4899799195977463
classic,farm_ads,fasttext_lstm,dfs,2000,5,0.8433230611196713,0.027632050764722717,0.8419402034004921,0.02915932642818246,0.8422038654459995,0.0285010921225936,7.0,5.244044240850758
classic,farm_ads,fasttext_lstm,dfs,500,5,0.8217770929635336,0.01607259627090889,0.8204288109987568,0.016198371247665704,0.8203950298067946,0.015958797203941957,10.2,9.57601169589929
classic,farm_ads,fasttext_lstm,ig,1000,5,0.8263097072419107,0.029292641109377834,0.8256221023516717,0.0291730731670921,0.8254429094237575,0.02916131740822282,6.8,2.588435821108957
classic,farm_ads,fasttext_lstm,ig,1500,5,0.8387711864406779,0.03648850999286784,0.8378851473825284,0.03614298215315072,0.8375050318278773,0.035747243954899234,8.8,7.463243262818116
classic,farm_ads,fasttext_lstm,ig,2000,5,0.8342835130970724,0.018531743540098854,0.833697776388234,0.018429933418730626,0.8336192747820654,0.018266577105019402,10.4,6.8044103344816
classic,farm_ads,fasttext_lstm,ig,500,5,0.8274075500770416,0.03496070440258122,0.8269999379804852,0.03494111686012214,0.8267938779566687,0.034787074939498036,9.0,5.830951894845301
classic,farm_ads,fasttext_lstm,none,all,5,0.8206343091936312,0.020556682111562703,0.8200304450558403,0.021177891847100998,0.8204937287974223,0.021199314458457668,21.4,15.820872289478858
classic,farm_ads,fasttext_wa,df,1000,5,0.8592128916281458,0.02841681940845328,0.8584708813772903,0.029177438722916744,0.8581753965748494,0.02933638391401195,25.6,17.242389625571047
classic,farm_ads,fasttext_wa,df,1500,5,0.8478813559322034,0.017871560609366146,0.8472212832804334,0.018419948357364296,0.846906407166325,0.018631988927659354,22.0,11.704699910719626
classic,farm_ads,fasttext_wa,df,2000,5,0.8535439137134052,0.02443020676879136,0.8526733251139705,0.0253721262593946,0.8523979729041289,0.025536103093359838,20.2,10.709808588392232
classic,farm_ads,fasttext_wa,df,500,5,0.8364984591679507,0.034169193802593145,0.8355072329082597,0.03502196693296666,0.835585637952259,0.03515742656869231,22.8,13.103434664239755
classic,farm_ads,fasttext_wa,dfs,1000,5,0.8512647663071392,0.03339867069955794,0.8491444831434404,0.035329736713714456,0.8489746095218051,0.034707546512868795,17.0,13.784048752090222
classic,farm_ads,fasttext_wa,dfs,1500,5,0.8489791987673344,0.038844424954388966,0.8479568001064086,0.039676628720367105,0.8475644115726195,0.0396134578376023,15.2,3.03315017762062
classic,farm_ads,fasttext_wa,dfs,2000,5,0.8364920390344119,0.0437166817810321,0.8341249223859857,0.04694165642623011,0.834458926086833,0.045633203241046603,21.0,13.209844813622906
classic,farm_ads,fasttext_wa,dfs,500,5,0.8331086286594761,0.038815501656928146,0.8315889088126452,0.04016216065766276,0.8313217714038508,0.039693861154694934,20.8,13.535139452550904
classic,farm_ads,fasttext_wa,ig,1000,5,0.8421866974833077,0.03388362253715115,0.8408975837176645,0.03473857447935032,0.8405223079094488,0.034571135440014805,21.4,11.84483009586883
classic,farm_ads,fasttext_wa,ig,1500,5,0.843303800719055,0.03737232332335841,0.8415946072658306,0.03826356911283545,0.8413887009783043,0.03812269287733392,17.6,12.856904759700136
classic,farm_ads,fasttext_wa,ig,2000,5,0.8421610169491526,0.05040524485796196,0.8398986181169611,0.053549471004817266,0.8401573103898685,0.052226369450345464,23.4,13.831124321616084
classic,farm_ads,fasttext_wa,ig,500,5,0.8365112994350282,0.03316946630555572,0.8355776578101858,0.033633815432857546,0.835149150894705,0.03352757375822996,21.6,13.557285864065861
classic,farm_ads,fasttext_wa,none,all,5,0.841050333846944,0.025330951942669825,0.8394082840737407,0.027022453147324592,0.8395176961661229,0.026517248255796457,20.0,11.135528725660043
classic,farm_ads,random_cnn,df,1000,5,0.8501219825372368,0.031481313181812104,0.8489469582473962,0.03246226572290056,0.8490264394368362,0.032200603211219904,21.6,10.16366075781753
classic,farm_ads,random_cnn,df,1500,5,0.8489920390344119,0.04004591038646313,0.8484874710549778,0.04051753130282945,0.8482363464169209,0.04054077184335348,13.8,9.444575162494075
classic,farm_ads,random_cnn,df,2000,5,0.8354198767334361,0.023715040407985166,0.8347016613537741,0.024641515822236906,0.8348211341781794,0.024747559660057795,9.0,4.58257569495584
classic,farm_ads,random_cnn,df,500,5,0.81948510529019,0.02485125181776628,0.8187857307579491,0.025332537585552043,0.8194178780635689,0.02540866885348637,20.2,13.953494186045301
classic,farm_ads,random_cnn,dfs,1000,5,0.859206471494607,0.02606699730495102,0.8579096503859547,0.026539099328651755,0.8573268424841612,0.02633979316654701,19.6,15.093044755780724
classic,farm_ads,random_cnn,dfs,1500,5,0.8512455059065228,0.03838641277010148,0.8500019407028946,0.03918929053428573,0.8495949649985218,0.03902644385531352,17.8,12.31665539016173
classic,farm_ads,random_cnn,dfs,2000,5,0.843303800719055,0.0408790477178857,0.8427536112700782,0.040482367075616255,0.8426445617006493,0.03972882742045428,14.0,13.490737563232042
classic,farm_ads,random_cnn,dfs,500,5,0.8319851052901901,0.03388609034309439,0.8313372975099129,0.03392477944179027,0.831153503739003,0.033772655562029914,13.8,15.482247898803326
classic,farm_ads,random_cnn,ig,1000,5,0.8342257318952234,0.04860836331616109,0.831584961626149,0.05092737552669929,0.831937115931644,0.04932011537318088,19.2,14.184498581197715
classic,farm_ads,random_cnn,ig,1500,5,0.8410310734463277,0.03188171185082362,0.8399066042607379,0.032260719077069094,0.8395067555943069,0.0320715474569588,20.8,11.322543883774529
classic,farm_ads,random_cnn,ig,2000,5,0.8444530046224962,0.03321919414869582,0.8438251476443264,0.033161816140389426,0.843410134477166,0.032990353102753174,23.0,12.328828005937952
classic,farm_ads,random_cnn,ig,500,5,0.8410695942475603,0.03841676157278736,0.8398748749129618,0.03880630064669715,0.8399949222384243,0.038316908327084356,10.4,9.50263121456368
classic,farm_ads,random_cnn,none,all,5,0.838796866974833,0.02275857425994278,0.8361006641655154,0.02574555855654693,0.8365610191601983,0.023874617439356885,24.6,20.75572210259137
classic,farm_ads,random_lstm,df,1000,5,0.7604904982023626,0.013742149245172594,0.7579424053599656,0.015475744199675723,0.759454959085602,0.01551192281784647,8.2,4.43846820423443
classic,farm_ads,random_lstm,df,1500,5,0.7854519774011299,0.03455398387744881,0.7848249887620523,0.035087342099472126,0.7848139351148927,0.03530158203225054,12.8,7.5960516059331775
classic,farm_ads,random_lstm,df,2000,5,0.7911145351823318,0.020200789752303407,0.7895560328244994,0.021943146174278172,0.7899499239170922,0.02104383618484181,28.8,17.10847743079436
classic,farm_ads,random_lstm,df,500,5,0.7672187981510016,0.050364262758809966,0.7650672291394466,0.05129263234510163,0.7662126245847176,0.05075053420271072,16.6,16.425589791541732
classic,farm_ads,random_lstm,dfs,1000,5,0.8115690806368773,0.039900368094156494,0.8105863971059013,0.03997991009867407,0.8103466407433576,0.039865058666232515,5.6,3.7815340802378072
classic,farm_ads,random_lstm,dfs,1500,5,0.8239856189008731,0.03859722799459108,0.8234965964827029,0.03875898030795917,0.8234957047816145,0.03860950306804903,14.0,8.336666000266533
classic,farm_ads,random_lstm,dfs,2000,5,0.8047187981510016,0.025956060778313667,0.8041324750585931,0.026260868376596493,0.80407340037983,0.026238159305693433,12.4,11.76010204037363
classic,farm_ads,random_lstm,dfs,500,5,0.8308872624550591,0.027253584082777442,0.8300566243862837,0.02777230445227306,0.8297367247435647,0.02765539066896645,19.8,17.079227148791013
classic,farm_ads,random_lstm,ig,1000,5,0.8365112994350282,0.021320233065578828,0.8356071239665631,0.02181958005380969,0.8356389878551301,0.022093701140152987,8.8,7.496665925596525
classic,farm_ads,random_lstm,ig,1500,5,0.8319658448895737,0.04589002706053444,0.830831772009353,0.046509863293790026,0.830980024687275,0.046319733560223085,13.4,9.528903399657276
classic,farm_ads,random_lstm,ig,2000,5,0.7990498202362609,0.04557146277752613,0.7985541894411037,0.045591236925621746,0.7986822540584511,0.04544601855570857,6.4,3.4351128074635335
classic,farm_ads,random_lstm,ig,500,5,0.8172573189522342,0.029867333075395214,0.8163527015370408,0.030452299563373565,0.8161893236722237,0.030511544854474337,12.0,13.2664991614216
classic,farm_ads,random_lstm,none,all,5,0.802452491011813,0.04106773927182283,0.8008197979001439,0.04317970168107665,0.8034439583823989,0.038554138387109596,12.8,11.144505372604026
classic,farm_ads,random_wa,df,1000,5,0.8467578325629174,0.021693656402646463,0.8461158543145963,0.02219081758441171,0.8458088757267964,0.022252214162775695,30.4,6.542170893518451
classic,farm_ads,random_wa,df,1500,5,0.8478620955315871,0.03662322255067956,0.8473193399993129,0.03720271620734284,0.8470979757436666,0.03735234729529575,41.2,13.881642554107204
classic,farm_ads,random_wa,df,2000,5,0.8387968669748331,0.04511381630225484,0.8377842953127387,0.046339890695895725,0.8377897706488677,0.046345340435335336,37.2,25.410627697874762
classic,farm_ads,random_wa,df,500,5,0.8296931176168464,0.0466664366071926,0.8282949380592961,0.04843634398622382,0.8282438962466322,0.0477798960741843,28.4,13.483323032546538
classic,farm_ads,random_wa,dfs,1000,5,0.8251284026707756,0.05967605901451841,0.8231131698103402,0.06073041834389126,0.823074567930929,0.060285156790940334,24.2,20.38872237291979
classic,farm_ads,random_wa,dfs,1500,5,0.8455636877247047,0.038406601017196215,0.8445046588585927,0.03898882284961301,0.8440789792362979,0.038842977608615346,41.0,26.92582403567252
classic,farm_ads,random_wa,dfs,2000,5,0.8466936312275295,0.04175220578694046,0.8453521133247911,0.042761794201302675,0.8450851610769532,0.04269235897969363,27.6,13.427583550289308
classic,farm_ads,random_wa,dfs,500,5,0.8217449922958397,0.04319877508702146,0.8202372258617037,0.044249308375269567,0.8200556215330497,0.043852234253547125,32.8,33.69272918598314
classic,farm_ads,random_wa,ig,1000,5,0.8342321520287622,0.04586130058420632,0.8321286483671377,0.04740413141702745,0.8320208154818278,0.04671642757641506,34.0,23.80126047082381
classic,farm_ads,random_wa,ig,1500,5,0.8331022085259373,0.04606100970647835,0.8316671639096339,0.04750474848905555,0.8314358707108365,0.046980277255557874,23.6,18.324846520503247
classic,farm_ads,random_wa,ig,2000,5,0.841024653312789,0.036827011667169465,0.8399900574291294,0.03734482964115631,0.8396087451080612,0.0372923104990187,32.8,17.82414093301554
classic,farm_ads,random_wa,ig,500,5,0.8319658448895737,0.03842362496586456,0.8308431936359402,0.03894721128637955,0.8304979881040072,0.038863128578321804,27.8,9.444575162494075
classic,farm_ads,random_wa,none,all,5,0.8410439137134053,0.03184762716273524,0.8402977908130905,0.03227361676146559,0.8399798726884911,0.03231637125190268,31.0,10.677078252031311
classic,wos5736,fasttext_cnn,df,1000,5,0.8602152109640304,0.0229127514168819,0.8508570835235328,0.027182947175839245,0.8483322178480281,0.03136739601147722,39.4,16.47118696390761
classic,wos5736,fasttext_cnn,df,1500,5,0.8773110444512382,0.020580456436894247,0.8706030621254925,0.026029855063969955,0.872214817461853,0.026363645276493996,56.2,27.27086357268504
classic,wos5736,fasttext_cnn,df,2000,5,0.8532206452369431,0.019581678818352016,0.8434586263187395,0.023309583690604454,0.8431324604249506,0.025922072679692106,52.0,24.0
classic,wos5736,fasttext_cnn,df,500,5,0.8562045015592394,0.023297537766810348,0.8436665057960788,0.02723022468587082,0.8449388786444123,0.02909781932021012,48.6,13.315404612703288
classic,wos5736,fasttext_cnn,dfs,1000,5,0.8904375908890109,0.024017688259149825,0.8832008246813525,0.02565244741763805,0.8839389003618252,0.026983254667657202,45.8,16.084153692376855
classic,wos5736,fasttext_cnn,dfs,1500,5,0.8843976429359972,0.016056180548893757,0.8739132159628332,0.015290807956204803,0.8747533559984153,0.015976415496720613,58.8,32.94996206371109
classic,wos5736,fasttext_cnn,dfs,2000,5,0.8743263759258956,0.015104446871006785,0.8647181135473267,0.02111716473052554,0.8648000681795148,0.02213083092887432,48.6,18.568791021496256
classic,wos5736,fasttext_cnn,dfs,500,5,0.8823667799816823,0.013600999945121097,0.8737735114223729,0.014006743971949986,0.8743985592799822,0.016907586075099127,26.2,6.97853852894716
classic,wos5736,fasttext_cnn,ig,1000,5,0.8864378969880339,0.023686661327864657,0.8777720858052626,0.029619607771256638,0.8797477555382693,0.030230886169558525,60.4,42.17582245789642
classic,wos5736,fasttext_cnn,ig,1500,5,0.8733513515502862,0.021247858563964488,0.8628727506275984,0.026228134891868836,0.862888040812942,0.02718943477771371,44.4,26.43482551483932
classic,wos5736,fasttext_cnn,ig,2000,5,0.8722967312761499,0.024036202837303126,0.8646262225507924,0.031447895311381355,0.8640791060059835,0.030295179456229743,35.6,13.202272531651511
classic,wos5736,fasttext_cnn,ig,500,5,0.8703158695718662,0.02521768766691653,0.8593300351447435,0.028116342490805968,0.8587847889922989,0.030919585990960806,47.8,27.398905087612533
classic,wos5736,fasttext_cnn,none,all,5,0.8462456739083452,0.023877033906980653,0.833700374544989,0.026365270722483913,0.8349207478950562,0.026860526509862495,55.8,19.136352839556444
classic,wos5736,fasttext_lstm,df,1000,5,0.44999627528759284,0.05320517016199144,0.4518238051419873,0.05446021977027664,0.45287160665421533,0.061047574983400875,47.4,8.905054744357274
classic,wos5736,fasttext_lstm,df,1500,5,0.4150810115430551,0.02367661131175868,0.419474486609824,0.028039304071278952,0.4175460711883637,0.025357307075637686,30.8,9.959919678390985
classic,wos5736,fasttext_lstm,df,2000,5,0.3888983265190767,0.05403083200015553,0.3858569319292435,0.06930910875234063,0.3870342588899901,0.06394382653367638,29.6,17.03819239238717
classic,wos5736,fasttext_lstm,df,500,5,0.5004520036858789,0.03150370394831513,0.500229644655211,0.03600289646752919,0.5018726589615917,0.03802327743183416,52.0,5.873670062235365
classic,wos5736,fasttext_lstm,dfs,1000,5,0.7346526048938026,0.036271543397179494,0.7253698164168032,0.04219845618476568,0.7249129164642999,0.041571916999326664,63.6,22.063544592834578
classic,wos5736,fasttext_lstm,dfs,1500,5,0.7074646916934344,0.027445890821896447,0.6977575612396922,0.03465342295776341,0.7009707650715555,0.03546472281479567,50.8,6.300793600809346
classic,wos5736,fasttext_lstm,dfs,2000,5,0.6553535919616265,0.05956872926042663,0.6530230105682144,0.06451252756445527,0.6516111187889844,0.06648413778460076,61.4,21.915747762739013
classic,wos5736,fasttext_lstm,dfs,500,5,0.7830574698377611,0.03913280523679819,0.7706618609576537,0.043543122062871115,0.7713385606488374,0.040735998798680235,58.6,27.10719461692781
classic,wos5736,fasttext_lstm,ig,1000,5,0.6643488168422484,0.04208267431582663,0.6658418831144481,0.03925158682483998,0.6670569628000458,0.04117076726350436,57.4,22.412050330123748
classic,wos5736,fasttext_lstm,ig,1500,5,0.5397500165930544,0.03721763161943645,0.5344824166857514,0.03989672520065147,0.5326498330391611,0.03595252124510902,54.2,40.59802950883208
classic,wos5736,fasttext_lstm,ig,2000,5,0.48862231708076964,0.0430491413044152,0.47799140538458557,0.05991766693797195,0.4801793121239762,0.0439950398839203,31.8,18.185158784019457
classic,wos5736,fasttext_lstm,ig,500,5,0.730825554902832,0.06623557197931913,0.7212025309119307,0.06966040932622411,0.7204900580315601,0.06533736619097875,70.0,27.202941017470888
classic,wos5736,fasttext_lstm,none,all,5,0.3617040679824102,0.04397626366309514,0.3510833203696749,0.04088153398917804,0.3586846434198213,0.037662363436307966,17.6,4.979959839195493
classic,wos5736,fasttext_wa,df,1000,5,0.7757398503490506,0.03188092438661973,0.7706798498577286,0.03893299214482908,0.7682595118978518,0.03562635308742346,78.2,31.61803282938393
classic,wos5736,fasttext_wa,df,1500,5,0.8029063416940754,0.03521941497728422,0.8033990382723227,0.033698020475330936,0.7993110071746435,0.03565522665195587,91.4,33.85705244110893
classic,wos5736,fasttext_wa,df,2000,5,0.803911569870465,0.031711782989773424,0.8051963430021487,0.03864520850765509,0.8010225518881645,0.03728996239411713,85.4,25.89015256810975
classic,wos5736,fasttext_wa,df,500,5,0.7937898955088091,0.039570525102884356,0.7917153414836943,0.04097223014699868,0.7881746586746587,0.042395582856102655,87.8,25.00399968005119
classic,wos5736,fasttext_wa,dfs,1000,5,0.8331393310213465,0.029314756634361276,0.8303733514716056,0.034834895456534246,0.831751315877798,0.036346380471986905,72.8,23.435016535091243
classic,wos5736,fasttext_wa,dfs,1500,5,0.8310274508131739,0.046347651709054916,0.8288255591064312,0.04805942895747974,0.8285455190395903,0.05091881618433736,51.2,22.140460699813815
classic,wos5736,fasttext_wa,dfs,2000,5,0.8330277038651854,0.03792950501177832,0.8342318558793257,0.03913397570036091,0.8328295393670889,0.040933820324241206,64.4,14.976648490233053
classic,wos5736,fasttext_wa,dfs,500,5,0.8331391279705851,0.029110016543291352,0.8306663058578981,0.03441635587761189,0.8309305496874667,0.03722270286085588,46.8,11.987493482792805
classic,wos5736,fasttext_wa,ig,1000,5,0.832103289891892,0.03735513763424992,0.8301070335932075,0.041034990899330694,0.8298525328426514,0.04424291606510729,72.6,15.093044755780724
classic,wos5736,fasttext_wa,ig,1500,5,0.8239922749337769,0.025710635985266565,0.8241207532408894,0.022249200800220616,0.8217090827486084,0.024424344689809783,73.8,46.30010799123475
classic,wos5736,fasttext_wa,ig,2000,5,0.8179317173284661,0.03773610195674917,0.816512058458291,0.03706714369820108,0.8137806435988255,0.04043303615388759,73.2,16.589153082662175
classic,wos5736,fasttext_wa,ig,500,5,0.8200331911851095,0.034324832862845184,0.8185089144406346,0.036652917014710386,0.8170516190002356,0.036146144581911614,92.0,39.03203812254748
classic,wos5736,fasttext_wa,none,all,5,0.8009566990443796,0.03164116227704411,0.7997035304402776,0.03300908476437262,0.7977073407488428,0.0346006336837092,77.2,39.22626670994832
classic,wos5736,random_cnn,df,1000,5,0.8693620640008386,0.012105457175189991,0.8658345595288569,0.019876148205312066,0.8631851086989427,0.01922146542990868,39.2,18.074844397670482
classic,wos5736,random_cnn,df,1500,5,0.8612808467419808,0.008103891994920799,0.8571368993167966,0.015123589441348133,0.8535747190885531,0.013557547438424437,46.4,20.403431084011334
classic,wos5736,random_cnn,df,2000,5,0.8663365822724248,0.01682284312928781,0.8633211400321833,0.0260119630896938,0.8613877492731248,0.02884046851387633,52.4,19.43707796969493
classic,wos5736,random_cnn,df,500,5,0.8723567327761874,0.008454410563384659,0.8643780919511748,0.014811100037204155,0.8640087119731389,0.017308173722344344,28.2,19.75348070594142
classic,wos5736,random_cnn,dfs,1000,5,0.8803671360819554,0.01814801011144142,0.8776885514217097,0.02104260060207636,0.8764696107581483,0.022840854619178865,41.8,26.166772823563857
classic,wos5736,random_cnn,dfs,1500,5,0.8783766802291885,0.020640325306291125,0.8745415064640175,0.025549071933026135,0.8742200256923577,0.027375046620792556,47.0,28.574464124459098
classic,wos5736,random_cnn,dfs,2000,5,0.8794125183078816,0.013580271810836675,0.8742182576226333,0.019283755204836613,0.8730411288316426,0.022469451407392108,48.4,17.18429515575195
classic,wos5736,random_cnn,dfs,500,5,0.8774020619551022,0.008065078834335047,0.8728784494053475,0.00959270670599475,0.8729668684411768,0.00954808422212478,21.2,10.709808588392232
classic,wos5736,random_cnn,ig,1000,5,0.8853724642608451,0.02142301495309763,0.8808098000004421,0.027383689721643026,0.8813687432462136,0.029575675500343672,30.4,16.949926253526886
classic,wos5736,random_cnn,ig,1500,5,0.8723471386277043,0.016219200261403954,0.8671312059660635,0.02161147192682617,0.8663613264206149,0.023438078290307335,32.2,17.10847743079436
classic,wos5736,random_cnn,ig,2000,5,0.8733517576518093,0.01536427801668557,0.8686940570116307,0.02187849410906993,0.8693796223539306,0.02223472879996885,61.8,27.27086357268504
classic,wos5736,random_cnn,ig,500,5,0.8813419574068032,0.022154661995939462,0.8753653176712104,0.027278579078699502,0.875357968776941,0.02970485250790849,30.0,19.313207915827967
classic,wos5736,random_cnn,none,all,5,0.8552611023397413,0.015759975427785348,0.8563641803449723,0.0160467116030096,0.8536923813998912,0.014408607823389706,57.0,30.033314835362415
classic,wos5736,random_lstm,df,1000,5,0.42594445571799194,0.04892963819374725,0.428566301191643,0.04231443809370283,0.42797821875094605,0.045405900907494176,42.6,14.010710188994704
classic,wos5736,random_lstm,df,1500,5,0.421111568398347,0.031223296933691375,0.4172767329223043,0.0333183341775603,0.4233122101877042,0.031138037334078064,36.4,8.677557259966655
classic,wos5736,random_lstm,df,2000,5,0.41097989378668476,0.03086930833234944,0.4027731772576734,0.03551257618401583,0.40622690682176854,0.036759844197459125,29.8,16.02186006679624
classic,wos5736,random_lstm,df,500,5,0.4792042389892235,0.03783391745071989,0.4767141431007065,0.034957380511121086,0.47906611767678964,0.04378652661525912,39.4,7.162401831787993
classic,wos5736,random_lstm,dfs,1000,5,0.7175147398989543,0.045219548724787596,0.7165919186012303,0.045822785326486655,0.7145605277462984,0.050540294071504045,43.0,20.223748416156685
classic,wos5736,random_lstm,dfs,1500,5,0.6612517089576986,0.04769394398708995,0.655098177703158,0.05387986535795113,0.657295366030544,0.053412045908307754,47.0,11.937336386313323
classic,wos5736,random_lstm,dfs,2000,5,0.6179642054503139,0.03651759707169838,0.6201785098812636,0.048580268149991966,0.6160110048054712,0.04557317573683737,45.4,19.178112524437854
classic,wos5736,random_lstm,dfs,500,5,0.7768450810255028,0.0213631793933085,0.772814348644535,0.02621216744146171,0.7712180724413926,0.028459888579724847,25.2,17.963852593472257
classic,wos5736,random_lstm,ig,1000,5,0.6079029386902185,0.07556983063204736,0.6043687106570372,0.07372327528527778,0.6023197224382995,0.07460819526932781,33.0,21.988633427296023
classic,wos5736,random_lstm,ig,1500,5,0.5396479835853765,0.05353571149795216,0.5449136831092062,0.047906761325778785,0.5410621400996896,0.05131943954265522,41.0,25.573423705088842
classic,wos5736,random_lstm,ig,2000,5,0.5225725566997043,0.030197349277817406,0.521176480400647,0.024973931792056828,0.519160183689828,0.025499098846916278,40.2,14.686728703152381
classic,wos5736,random_lstm,ig,500,5,0.7306920997898044,0.04157434154618035,0.7235608235451157,0.04926451573150034,0.7264821818497709,0.047923845908139306,49.2,13.084341787036902
classic,wos5736,random_lstm,none,all,5,0.3134694103393194,0.017437060529518364,0.30384168592825034,0.014771739642383605,0.31090388596910334,0.017429128666196475,27.4,17.558473737771173
classic,wos5736,random_wa,df,1000,5,0.7669350363200704,0.04232303674054196,0.770187661322031,0.0380729155695212,0.7680935085994375,0.03901251107873867,114.2,39.245381893924794
classic,wos5736,random_wa,df,1500,5,0.7828656376307885,0.03830479789138141,0.778105841400469,0.04131183912902498,0.7788926600408814,0.04412544105440246,124.4,14.926486525636232
classic,wos5736,random_wa,df,2000,5,0.7676990401917408,0.05111205699523773,0.7666476316947526,0.0565728961683324,0.7661081718018478,0.054598979177896696,91.4,16.92040188648012
classic,wos5736,random_wa,df,500,5,0.782754619626912,0.041979525424673717,0.7814940188750498,0.04509937562298809,0.7798329081985209,0.044115572216082456,139.0,24.259018941416407
classic,wos5736,random_wa,dfs,1000,5,0.7980112193160159,0.04206837589432948,0.8008809729577353,0.03969539028577008,0.7963496240255135,0.045371472093556346,81.6,40.17835238035527
classic,wos5736,random_wa,dfs,1500,5,0.8059714183209911,0.03350558932174176,0.8002931999314804,0.038335607806158106,0.7990309591594177,0.04013209103329043,88.8,29.58377933936095
classic,wos5736,random_wa,dfs,2000,5,0.8069262391458264,0.03384896836931796,0.8069673786648037,0.03331715663214857,0.8043439024743373,0.03784614575555833,79.2,24.69210400107694
classic,wos5736,random_wa,dfs,500,5,0.8080228909276032,0.0227071654540091,0.8070502842339052,0.031134338771520033,0.8063945817028821,0.03133475312205818,68.2,33.38712326631332
classic,wos5736,random_wa,ig,1000,5,0.8129772026026538,0.034874001726370056,0.8109327439765136,0.03537081834846188,0.8097424887365599,0.037014201114213996,82.4,16.742162345408076
classic,wos5736,random_wa,ig,1500,5,0.8120021782270445,0.032300736162548895,0.8162354782105996,0.03442770086723287,0.8120027245481791,0.03773599889826115,104.8,29.785902705810344
classic,wos5736,random_wa,ig,2000,5,0.8009158858413085,0.023888001223537327,0.80470533756609,0.019723777641495587,0.8004390319825103,0.023316532873006543,99.2,22.061278294786092
classic,wos5736,random_wa,ig,500,5,0.8041142145304901,0.03695664684657195,0.8035690897515662,0.04501981704499716,0.8026215957955088,0.046586299744486685,82.2,26.470738561664653
classic,wos5736,random_wa,none,all,5,0.7596778244329204,0.0478488894077305,0.758541582619946,0.04766307361632587,0.7552395911071801,0.051870284123915825,79.6,26.425366601052104
gcn,20ng,fasttext_residual_word_gcn,df,1000,5,0.3509929597224702,0.039005372021700145,0.3294975058624841,0.0353774681361793,0.345518759018759,0.03705882053208684,121.4,34.760609891082176
gcn,20ng,fasttext_residual_word_gcn,df,1500,5,0.39529615080478536,0.0393737170774591,0.3723506824754177,0.030091309788654277,0.3868737373737373,0.032077112270974935,105.8,22.81885185542866
gcn,20ng,fasttext_residual_word_gcn,df,2000,5,0.39430132897992504,0.04752124800775176,0.369521031205357,0.045657789225014456,0.38728427128427123,0.04756429496814357,113.4,35.920746094701315
gcn,20ng,fasttext_residual_word_gcn,df,500,5,0.3005626100043364,0.030788945181354027,0.27868846282496423,0.03333985344455575,0.296762987012987,0.027508444623949413,117.0,32.55764119219941
gcn,20ng,fasttext_residual_word_gcn,dfs,1000,5,0.5554403999693901,0.03163424144217128,0.5447595527569207,0.035606936764676266,0.5536443001443002,0.0316089754706092,78.6,36.57594838141589
gcn,20ng,fasttext_residual_word_gcn,dfs,1500,5,0.5193199500038262,0.03464450073132591,0.5109811693116484,0.03409168326562888,0.5173160173160173,0.0316816028654292,68.4,23.9436839270819
gcn,20ng,fasttext_residual_word_gcn,dfs,2000,5,0.5424154273907609,0.017328433245843735,0.5361257699405875,0.01311234121173774,0.5415685425685426,0.012756303170261385,85.2,11.987493482792805
gcn,20ng,fasttext_residual_word_gcn,dfs,500,5,0.5576179629110017,0.043141538410599325,0.5475435635066339,0.04532288911502322,0.5575476190476191,0.04151017018186995,47.6,8.17312669668102
gcn,20ng,fasttext_residual_word_gcn,ig,1000,5,0.4344321352957682,0.050949758995864215,0.4149947072029588,0.05181655193694346,0.42971645021645016,0.05339715481790054,137.4,46.209306421975214
gcn,20ng,fasttext_residual_word_gcn,ig,1500,5,0.4376407672882177,0.030912562786011934,0.42220230921301016,0.022213145170184172,0.4335894660894661,0.025955337016394252,121.0,41.92851058647326
gcn,20ng,fasttext_residual_word_gcn,ig,2000,5,0.4236263041093794,0.047113145158165906,0.40269109320013646,0.04347860631467127,0.41870598845598844,0.04439477800748433,93.2,43.916967108396726
gcn,20ng,fasttext_residual_word_gcn,ig,500,5,0.4193818840394868,0.04119241842682623,0.3996005611598529,0.033455981965971264,0.4113928571428571,0.0369691512990675,103.4,15.582040944625964
gcn,20ng,fasttext_residual_word_gcn,none,all,5,0.48493390811927656,0.039206148617898035,0.470957954681199,0.04175543627492581,0.4832272727272727,0.03446836948285866,86.6,24.2755020545405
gcn,amazon_review_full,fasttext_residual_word_gcn,df,1000,5,0.350963149078727,0.04231510284733418,0.3390197272845627,0.03889301725334491,0.3506923076923077,0.04247534768637259,65.8,16.783920876839236
gcn,amazon_review_full,fasttext_residual_word_gcn,df,1500,5,0.3620891832901883,0.02222875059895207,0.34922963439073984,0.01985582194404056,0.3617435897435898,0.02198514231423693,63.2,19.044684297724654
gcn,amazon_review_full,fasttext_residual_word_gcn,df,2000,5,0.3560085782447591,0.04875577546055653,0.34201338657097086,0.0486454704360478,0.3557692307692308,0.04876583341721681,62.2,23.091123835794566
gcn,amazon_review_full,fasttext_residual_word_gcn,df,500,5,0.33602360286279886,0.02572258850989848,0.3225263191165051,0.028109172999932538,0.3357948717948718,0.025687841876067284,60.8,33.76684764676738
gcn,amazon_review_full,fasttext_residual_word_gcn,dfs,1000,5,0.3830686767169179,0.03006300137160225,0.38101773251409987,0.03138003973053022,0.38294871794871793,0.03040813760076635,76.0,23.03258561256204
gcn,amazon_review_full,fasttext_residual_word_gcn,dfs,1500,5,0.3570235013451094,0.029786558535147098,0.34815944194906373,0.033377267939916716,0.3567948717948718,0.029917292302249297,47.0,36.1178626167164
gcn,amazon_review_full,fasttext_residual_word_gcn,dfs,2000,5,0.36001827318410234,0.03528025985996388,0.3428822918536118,0.039680561879678736,0.36005128205128206,0.035411616416817365,54.4,38.68849958320948
gcn,amazon_review_full,fasttext_residual_word_gcn,dfs,500,5,0.35308892949596465,0.028461434383465965,0.341770605981895,0.026992186402377303,0.35323076923076924,0.02886230317176194,17.6,12.300406497347964
gcn,amazon_review_full,fasttext_residual_word_gcn,ig,1000,5,0.3670336023552104,0.027055769822086743,0.34927517256765755,0.024377248539046003,0.3667179487179487,0.027384117204726204,72.8,57.2162564311927
gcn,amazon_review_full,fasttext_residual_word_gcn,ig,1500,5,0.36303852596314906,0.01972048949712715,0.3514959174872135,0.021394698911742026,0.36276923076923073,0.019947869272040356,61.2,46.48333034540447
gcn,amazon_review_full,fasttext_residual_word_gcn,ig,2000,5,0.34699812192274504,0.022316320004504293,0.3293806155612166,0.01878874018448176,0.3468205128205128,0.02227495387244884,60.6,33.760924157967004
gcn,amazon_review_full,fasttext_residual_word_gcn,ig,500,5,0.3489931475559616,0.02063582746164143,0.33715231364446163,0.022011751886158448,0.34882051282051285,0.021085437172359188,83.4,43.43155534861721
gcn,amazon_review_full,fasttext_residual_word_gcn,none,all,5,0.36904893152631846,0.04164640948109104,0.36177771418519583,0.03967190849399338,0.3687692307692308,0.04174672781627573,60.8,34.061708706405206
gcn,farm_ads,fasttext_residual_word_gcn,df,1000,5,0.8069979455572676,0.04952628813060375,0.8053765326073969,0.04973499104017025,0.8052861502382707,0.04938472836064405,57.8,23.95203540411545
gcn,farm_ads,fasttext_residual_word_gcn,df,1500,5,0.7910760143810992,0.05752333334213847,0.7903146468478426,0.05809661270137585,0.7904863292961788,0.05793713600264656,39.2,39.13055072446591
gcn,farm_ads,fasttext_residual_word_gcn,df,2000,5,0.7910760143810991,0.054939843084319255,0.789739183677196,0.055548823177964946,0.7898567035639539,0.055313072057710064,40.6,37.058062550543575
gcn,farm_ads,fasttext_residual_word_gcn,df,500,5,0.7831792501284027,0.057249556891817176,0.7794627817231699,0.0594489100418543,0.7804723487486825,0.05827893082731121,32.2,21.603240497666086
gcn,farm_ads,fasttext_residual_word_gcn,dfs,1000,5,0.8092449922958398,0.036802450238446305,0.8071272861904709,0.0373151636752301,0.8071902941259986,0.03678666501733877,22.6,9.581231653602787
gcn,farm_ads,fasttext_residual_word_gcn,dfs,1500,5,0.8092514124293785,0.04113390505675109,0.8075650095331228,0.042267767801903465,0.8076361516580395,0.041871872068460485,38.2,16.42254547870092
gcn,farm_ads,fasttext_residual_word_gcn,dfs,2000,5,0.8160631741140216,0.034030803372533155,0.8144215146462698,0.0343399470421829,0.8141807182026061,0.034062225592867305,32.8,10.66302021005306
gcn,farm_ads,fasttext_residual_word_gcn,dfs,500,5,0.8069851052901901,0.03981000124814405,0.8040577343604745,0.04258256614811765,0.8046110751993105,0.04124350789968237,20.8,16.754103974847474
gcn,farm_ads,fasttext_residual_word_gcn,ig,1000,5,0.81832948125321,0.038781529938311896,0.8165550312377263,0.039483098302953684,0.8164803094762055,0.03891345458642422,47.8,29.911536236041105
gcn,farm_ads,fasttext_residual_word_gcn,ig,1500,5,0.811517719568567,0.042262724072220426,0.8097839245200511,0.04293247378486387,0.8098260532597058,0.04233866320108082,33.2,20.06738647656939
gcn,farm_ads,fasttext_residual_word_gcn,ig,2000,5,0.8137840267077555,0.0432117495796884,0.8128134809267943,0.04379538223421211,0.8125960223087446,0.04380985752804693,57.0,32.09361307176243
gcn,farm_ads,fasttext_residual_word_gcn,ig,500,5,0.8035567539804828,0.0445785799040228,0.8005064490284809,0.04692142075539258,0.8011255426440105,0.04556265103452599,30.8,38.36925852814985
gcn,farm_ads,fasttext_residual_word_gcn,none,all,5,0.7934322033898306,0.04888453212552347,0.7908364768382029,0.04996990256744007,0.7916009814778625,0.04931370084354177,35.0,26.52357441974969
gcn,wos5736,fasttext_residual_word_gcn,df,1000,5,0.6331010051901044,0.024330691231037958,0.63100069296254,0.03332756626158873,0.6333232617185186,0.030385248235178974,89.2,18.294808006644946
gcn,wos5736,fasttext_residual_word_gcn,df,1500,5,0.6420241978130672,0.054276623000581,0.6427556807579067,0.058223161620832284,0.6431732917938452,0.06347167186667681,83.8,37.87083310411853
gcn,wos5736,fasttext_residual_word_gcn,df,2000,5,0.644916833580738,0.08085809366717264,0.6511303907912963,0.06751484937551772,0.6469069810295106,0.08227830902073723,94.6,62.708053709232594
gcn,wos5736,fasttext_residual_word_gcn,df,500,5,0.6271508564363855,0.009866411304651976,0.6220689982066615,0.013689111026425473,0.6195928814268735,0.010079210233454837,128.6,44.679973142337495
gcn,wos5736,fasttext_residual_word_gcn,dfs,1000,5,0.7427944328049826,0.02311314652556586,0.7463953218783924,0.026402697851949906,0.7487330495591366,0.022677465778082932,99.6,21.66333307688362
gcn,wos5736,fasttext_residual_word_gcn,dfs,1500,5,0.7267526104396265,0.03905792647994001,0.7338684866563114,0.03324065200422053,0.7332858327443308,0.03711060838344803,117.8,57.115672104948565
gcn,wos5736,fasttext_residual_word_gcn,dfs,2000,5,0.7165421521324835,0.04977449628191163,0.7219578955500578,0.05090545986926777,0.7212055059564941,0.04593610788841473,119.6,53.20996147339331
gcn,wos5736,fasttext_residual_word_gcn,dfs,500,5,0.7507128033530788,0.0382009710560616,0.7520696417183272,0.03801732625975154,0.7520183466072794,0.04200078044878095,65.6,13.011533345459327
gcn,wos5736,fasttext_residual_word_gcn,ig,1000,5,0.6931290541146777,0.08824794757748029,0.6910701185439514,0.09407515239381975,0.6937382235682631,0.09258729305361506,100.2,59.14135608861197
gcn,wos5736,fasttext_residual_word_gcn,ig,1500,5,0.6821054028888793,0.07211590417959951,0.6926181622093992,0.06387868388832499,0.6917906619072627,0.06658742168593017,100.6,51.066623150547166
gcn,wos5736,fasttext_residual_word_gcn,ig,2000,5,0.6751296193572351,0.06574706385113369,0.6863406128777699,0.05637170972813718,0.6844684261719834,0.06527492821536739,93.0,58.80051020186815
gcn,wos5736,fasttext_residual_word_gcn,ig,500,5,0.7417387972770385,0.046585543913780524,0.7428528889413832,0.0493048337152928,0.7425685006692911,0.04583722977425912,116.4,34.63091104779082
gcn,wos5736,fasttext_residual_word_gcn,none,all,5,0.6221657318082698,0.047743955945033875,0.6274652777438755,0.05356377429951342,0.627824467363993,0.051067761268465565,77.2,47.060599231204016
