family,dataset_id,model,selector,feature_count,folds,accuracy_delta_mean,accuracy_delta_std,wins,ties,losses
bert,20ng,bert_cls,df,500,5,-0.3287190010968548,0.06691099388167432,0,0,5
bert,20ng,bert_cls,df,1000,5,-0.18346312782185037,0.023125844392759512,0,0,5
bert,20ng,bert_cls,df,1500,5,-0.13302272785246022,0.028957151503215404,0,0,5
bert,20ng,bert_cls,df,2000,5,-0.08869897711909802,0.03395123860662215,0,0,5
bert,20ng,bert_cls,dfs,500,5,-0.1289776547713185,0.03582315996683298,0,0,5
bert,20ng,bert_cls,dfs,1000,5,-0.08462786011274645,0.016882115747243118,0,0,5
bert,20ng,bert_cls,dfs,1500,5,-0.059409943116598196,0.029464364730783364,0,0,5
bert,20ng,bert_cls,dfs,2000,5,-0.06554684590465014,0.03656273303683372,0,0,5
bert,20ng,bert_cls,ig,500,5,-0.13500216820141314,0.03375917208333331,0,0,5
bert,20ng,bert_cls,ig,1000,5,-0.08269395199346989,0.01722138983254533,0,0,5
bert,20ng,bert_cls,ig,1500,5,-0.0776791827156085,0.027261889138038384,0,0,5
bert,20ng,bert_cls,ig,2000,5,-0.0775313113792312,0.023439132920113844,0,0,5
bert,amazon_review_full,bert_cls,df,500,5,-0.0741714126186488,0.03178324761244139,0,0,5
bert,amazon_review_full,bert_cls,df,1000,5,-0.04720684229226944,0.028208682270338518,0,0,5
bert,amazon_review_full,bert_cls,df,1500,5,-0.01890909090909092,0.04131690667099251,1,1,3
bert,amazon_review_full,bert_cls,df,2000,5,-0.020979899497487454,0.02927562675090909,1,1,3
bert,amazon_review_full,bert_cls,dfs,500,5,-0.12632267397594032,0.020668066817104817,0,0,5
bert,amazon_review_full,bert_cls,dfs,1000,5,-0.09927252423734836,0.040263108213457126,0,0,5
bert,amazon_review_full,bert_cls,dfs,1500,5,-0.07911095883457694,0.04160479357949689,0,0,5
bert,amazon_review_full,bert_cls,dfs,2000,5,-0.07622714583016092,0.029607637901699582,0,0,5
bert,amazon_review_full,bert_cls,ig,500,5,-0.09930257347342776,0.044512521387753246,0,0,5
bert,amazon_review_full,bert_cls,ig,1000,5,-0.09735297700624337,0.04344905423853307,0,0,5
bert,amazon_review_full,bert_cls,ig,1500,5,-0.06511603471904982,0.06004565555533922,0,0,5
bert,amazon_review_full,bert_cls,ig,2000,5,-0.0630806558042739,0.03464430797754708,0,0,5
bert,farm_ads,bert_cls,df,500,5,-0.014727786337955861,0.03274487924028975,2,0,3
bert,farm_ads,bert_cls,df,1000,5,-0.019279661016949157,0.02360257775879027,1,1,3
bert,farm_ads,bert_cls,df,1500,5,-2.2204460492503132e-17,0.018411195165931423,2,2,1
bert,farm_ads,bert_cls,df,2000,5,-0.0362930148947098,0.04443379245866102,1,1,3
bert,farm_ads,bert_cls,dfs,500,5,-0.026091422701592214,0.02427463655328382,0,0,5
bert,farm_ads,bert_cls,dfs,1000,5,-0.023850796096558803,0.02554446811549434,1,0,4
bert,farm_ads,bert_cls,dfs,1500,5,-0.012519260400616327,0.02519038410301115,2,0,3
bert,farm_ads,bert_cls,dfs,2000,5,-0.020396764252696476,0.023538936113155964,1,0,4
bert,farm_ads,bert_cls,ig,500,5,-0.027221366204417043,0.01716632540801886,0,1,4
bert,farm_ads,bert_cls,ig,1000,5,-0.03630585516178737,0.020275745830703493,0,0,5
bert,farm_ads,bert_cls,ig,1500,5,-0.034078068823831534,0.03571989879766833,1,0,4
bert,farm_ads,bert_cls,ig,2000,5,-0.030656137647663083,0.01310016017082721,0,0,5
bert,wos5736,bert_cls,df,500,5,0.04033405403663013,0.03430277401934514,5,0,0
bert,wos5736,bert_cls,df,1000,5,0.036343751233374744,0.033369082951778525,4,0,1
bert,wos5736,bert_cls,df,1500,5,0.04734882331449149,0.030407209519540523,5,0,0
bert,wos5736,bert_cls,df,2000,5,0.05534942942101473,0.019417471099625553,5,0,0
bert,wos5736,bert_cls,dfs,500,5,0.05529780376489106,0.027297572351344265,5,0,0
bert,wos5736,bert_cls,dfs,1000,5,0.08049587026477693,0.01920044452235593,5,0,0
bert,wos5736,bert_cls,dfs,1500,5,0.0644348596024545,0.03223942519174577,5,0,0
bert,wos5736,bert_cls,dfs,2000,5,0.06732871367469465,0.0247531807384995,5,0,0
bert,wos5736,bert_cls,ig,500,5,0.06842536545647145,0.017328752294210634,5,0,0
bert,wos5736,bert_cls,ig,1000,5,0.0623944024996564,0.0261646242568179,5,0,0
bert,wos5736,bert_cls,ig,1500,5,0.06329861292217583,0.02286844416156891,5,0,0
bert,wos5736,bert_cls,ig,2000,5,0.06738952737777837,0.02044094334749209,5,0,0
classic,20ng,fasttext_cnn,df,500,5,-0.1986149529372752,0.01788471552693472,0,0,5
classic,20ng,fasttext_cnn,df,1000,5,-0.09869805882202892,0.024428680845308262,0,0,5
classic,20ng,fasttext_cnn,df,1500,5,-0.06947572889829859,0.03468718863273021,0,0,5
classic,20ng,fasttext_cnn,df,2000,5,-0.04439989286534195,0.03555125039713516,0,0,5
classic,20ng,fasttext_cnn,dfs,500,5,0.021289340101522836,0.03053846131304893,4,0,1
classic,20ng,fasttext_cnn,dfs,1000,5,0.057593296431395546,0.03450074639622122,5,0,0
classic,20ng,fasttext_cnn,dfs,1500,5,0.049501925873019936,0.03486673349641273,4,1,0
classic,20ng,fasttext_cnn,dfs,2000,5,0.0656030405836288,0.0262036170089358,5,0,0
classic,20ng,fasttext_cnn,ig,500,5,-0.03729816595668698,0.03249661393731117,0,1,4
classic,20ng,fasttext_cnn,ig,1000,5,-0.0008624850139019813,0.029323155274037328,2,0,3
classic,20ng,fasttext_cnn,ig,1500,5,-0.008978981200418323,0.05878942292100773,2,0,3
classic,20ng,fasttext_cnn,ig,2000,5,0.0071017269086549595,0.021895989352053197,4,0,1
classic,20ng,fasttext_lstm,df,500,5,-0.030395479937759866,0.030619870731208903,1,0,4
classic,20ng,fasttext_lstm,df,1000,5,0.012005484274162698,0.04442907890774995,3,0,2
classic,20ng,fasttext_lstm,df,1500,5,0.006832181210621635,0.05814933309158095,2,0,3
classic,20ng,fasttext_lstm,df,2000,5,0.026111164961865156,0.020986934418817205,5,0,0
classic,20ng,fasttext_lstm,dfs,500,5,0.30335382496237534,0.035304359436239066,5,0,0
classic,20ng,fasttext_lstm,dfs,1000,5,0.3114101726908655,0.027923687022917497,5,0,0
classic,20ng,fasttext_lstm,dfs,1500,5,0.2700297681299901,0.026059026041020908,5,0,0
classic,20ng,fasttext_lstm,dfs,2000,5,0.29427890722648775,0.041627273844079486,5,0,0
classic,20ng,fasttext_lstm,ig,500,5,0.099647654516236,0.044008994319389136,5,0,0
classic,20ng,fasttext_lstm,ig,1000,5,0.058227508098869986,0.07466796402344918,3,0,2
classic,20ng,fasttext_lstm,ig,1500,5,0.03625339897456827,0.045377499677704235,4,0,1
classic,20ng,fasttext_lstm,ig,2000,5,0.028045073081141753,0.04648022763615443,3,0,2
classic,20ng,fasttext_wa,df,500,5,-0.2753600744840956,0.03880533201399973,0,0,5
classic,20ng,fasttext_wa,df,1000,5,-0.17029059000586688,0.03638862100898414,0,0,5
classic,20ng,fasttext_wa,df,1500,5,-0.1319916588016223,0.03187045920597417,0,0,5
classic,20ng,fasttext_wa,df,2000,5,-0.10690623166594394,0.04086468748337881,0,0,5
classic,20ng,fasttext_wa,dfs,500,5,-0.04130334413182666,0.0509578408680999,1,0,4
classic,20ng,fasttext_wa,dfs,1000,5,-0.015182128918705207,0.04618235563256173,2,0,3
classic,20ng,fasttext_wa,dfs,1500,5,-0.012070198709282453,0.03425110889496235,2,0,3
classic,20ng,fasttext_wa,dfs,2000,5,-0.009070351758793938,0.03173008548649585,2,0,3
classic,20ng,fasttext_wa,ig,500,5,-0.11084501186133715,0.024996509051510518,0,0,5
classic,20ng,fasttext_wa,ig,1000,5,-0.0746019692370482,0.04023406872561003,0,0,5
classic,20ng,fasttext_wa,ig,1500,5,-0.07765313879039867,0.04124810461648064,0,0,5
classic,20ng,fasttext_wa,ig,2000,5,-0.05458765910772134,0.05265518312014193,0,1,4
classic,20ng,random_cnn,df,500,5,-0.10789664056322221,0.04266974056343651,0,0,5
classic,20ng,random_cnn,df,1000,5,-0.023253552024079784,0.054739234798958,2,0,3
classic,20ng,random_cnn,df,1500,5,-0.028284161926383188,0.039268777441124426,1,0,4
classic,20ng,random_cnn,df,2000,5,-0.012035788077443054,0.05565953839620189,2,0,3
classic,20ng,random_cnn,dfs,500,5,0.08770826212279673,0.07916795031680539,5,0,0
classic,20ng,random_cnn,dfs,1000,5,0.1018454710098717,0.021875516341632283,5,0,0
classic,20ng,random_cnn,dfs,1500,5,0.10486587761140731,0.02707153736655408,5,0,0
classic,20ng,random_cnn,dfs,2000,5,0.12205318470525217,0.038158213278773376,5,0,0
classic,20ng,random_cnn,ig,500,5,0.025085121036655333,0.07217760720363835,3,0,2
classic,20ng,random_cnn,ig,1000,5,0.03530410937938424,0.04264522129647645,4,0,1
classic,20ng,random_cnn,ig,1500,5,0.03626299007729002,0.04940173507826112,4,0,1
classic,20ng,random_cnn,ig,2000,5,0.013202994668775359,0.05136221697605923,2,0,3
classic,20ng,random_lstm,df,500,5,0.020263602275336065,0.03087941254564657,3,0,2
classic,20ng,random_lstm,df,1000,5,0.02207019870928245,0.026743862567732445,4,0,1
classic,20ng,random_lstm,df,1500,5,0.01824319567380047,0.0282220154115027,4,0,1
classic,20ng,random_lstm,df,2000,5,0.009172537815983465,0.02465797919031667,3,1,1
classic,20ng,random_lstm,dfs,500,5,0.34899798484809835,0.04311497590402123,5,0,0
classic,20ng,random_lstm,dfs,1000,5,0.3146637247149453,0.030708773451546476,5,0,0
classic,20ng,random_lstm,dfs,1500,5,0.2573248986046986,0.05603393508540925,5,0,0
classic,20ng,random_lstm,dfs,2000,5,0.20290459913782108,0.06555618668806883,5,0,0
classic,20ng,random_lstm,ig,500,5,0.06965862306456137,0.029594304559585928,5,0,0
classic,20ng,random_lstm,ig,1000,5,0.066663495140678,0.0412959158034887,5,0,0
classic,20ng,random_lstm,ig,1500,5,0.06456709945667423,0.015902669762892476,5,0,0
classic,20ng,random_lstm,ig,2000,5,0.050562686529092155,0.031433115465765875,5,0,0
classic,20ng,random_wa,df,500,5,-0.2510660153559676,0.03231125531671252,0,0,5
classic,20ng,random_wa,df,1000,5,-0.15223074764686373,0.04216737239777621,0,0,5
classic,20ng,random_wa,df,1500,5,-0.11907938167997348,0.041487245365143456,0,0,5
classic,20ng,random_wa,df,2000,5,-0.08881577940463739,0.021852009291910883,0,0,5
classic,20ng,random_wa,dfs,500,5,-0.01716218146570414,0.01374264718473862,0,0,5
classic,20ng,random_wa,dfs,1000,5,-0.01427441777414995,0.04479833175712178,1,1,3
classic,20ng,random_wa,dfs,1500,5,0.010974568272836249,0.0330262832029051,3,1,1
classic,20ng,random_wa,dfs,2000,5,0.028192332219473017,0.02378837636347518,4,1,0
classic,20ng,random_wa,ig,500,5,-0.09762724791470043,0.0507649933415482,0,0,5
classic,20ng,random_wa,ig,1000,5,-0.04940553018901617,0.022322760370705748,0,0,5
classic,20ng,random_wa,ig,1500,5,-0.052471469020228034,0.03411159006977294,0,0,5
classic,20ng,random_wa,ig,2000,5,-0.042298319006198515,0.03346271594462402,0,0,5
classic,amazon_review_full,fasttext_cnn,df,500,5,0.04303999796964623,0.0461936080919963,4,0,1
classic,amazon_review_full,fasttext_cnn,df,1000,5,0.04402487183391707,0.04206666743649156,4,0,1
classic,amazon_review_full,fasttext_cnn,df,1500,5,0.010045276889498,0.030447956227319217,3,0,2
classic,amazon_review_full,fasttext_cnn,df,2000,5,0.01914100807065632,0.043519725171071624,4,0,1
classic,amazon_review_full,fasttext_cnn,dfs,500,5,-0.002878940155322063,0.04495481668636627,3,0,2
classic,amazon_review_full,fasttext_cnn,dfs,1000,5,0.036014770823816065,0.04180200283261145,4,0,1
classic,amazon_review_full,fasttext_cnn,dfs,1500,5,0.02799461956245878,0.0388874910496373,4,0,1
classic,amazon_review_full,fasttext_cnn,dfs,2000,5,0.01394944419065024,0.04357851027089049,3,0,2
classic,amazon_review_full,fasttext_cnn,ig,500,5,0.014034972844018079,0.050074679259495554,3,0,2
classic,amazon_review_full,fasttext_cnn,ig,1000,5,0.030065326633165846,0.04602431333813698,3,1,1
classic,amazon_review_full,fasttext_cnn,ig,1500,5,0.01807563067864576,0.036862396486597074,3,1,1
classic,amazon_review_full,fasttext_cnn,ig,2000,5,0.011085782447591497,0.04058222082336182,4,0,1
classic,amazon_review_full,fasttext_lstm,df,500,5,-0.02206060606060607,0.04267587710504649,1,1,3
classic,amazon_review_full,fasttext_lstm,df,1000,5,0.008974874371859287,0.03232087305253227,2,1,2
classic,amazon_review_full,fasttext_lstm,df,1500,5,-0.019111111111111113,0.03711551870033696,1,1,3
classic,amazon_review_full,fasttext_lstm,df,2000,5,-0.021111060352266387,0.019674751147390153,0,1,4
classic,amazon_review_full,fasttext_lstm,dfs,500,5,0.04120186792548601,0.032949943534548234,5,0,0
classic,amazon_review_full,fasttext_lstm,dfs,1000,5,0.05310070554794172,0.04053075617082255,5,0,0
classic,amazon_review_full,fasttext_lstm,dfs,1500,5,0.05113085630171057,0.03388550894179259,5,0,0
classic,amazon_review_full,fasttext_lstm,dfs,2000,5,0.03807025024110451,0.04209192978892861,3,1,1
classic,amazon_review_full,fasttext_lstm,ig,500,5,0.04603009999492411,0.04114844431622471,4,0,1
classic,amazon_review_full,fasttext_lstm,ig,1000,5,0.01602512562814069,0.009647200791893632,4,1,0
classic,amazon_review_full,fasttext_lstm,ig,1500,5,0.03305030201512613,0.02196597419783664,5,0,0
classic,amazon_review_full,fasttext_lstm,ig,2000,5,0.007030201512613565,0.019251098254274682,3,1,1
classic,amazon_review_full,fasttext_wa,df,500,5,0.0050405055580935,0.046958147230800266,3,0,2
classic,amazon_review_full,fasttext_wa,df,1000,5,0.018020455814425674,0.047503623759285414,3,0,2
classic,amazon_review_full,fasttext_wa,df,1500,5,-0.006994670321303476,0.05495253628823223,3,0,2
classic,amazon_review_full,fasttext_wa,df,2000,5,-0.0059493426729607555,0.035229891578740485,2,1,2
classic,amazon_review_full,fasttext_wa,dfs,500,5,0.005025430181209078,0.0359838206502817,3,0,2
classic,amazon_review_full,fasttext_wa,dfs,1000,5,0.003025430181209077,0.0486308801020266,3,0,2
classic,amazon_review_full,fasttext_wa,dfs,1500,5,0.012025582457743256,0.04811603562229081,3,1,1
classic,amazon_review_full,fasttext_wa,dfs,2000,5,-0.003989645195675351,0.03504952232010138,3,0,2
classic,amazon_review_full,fasttext_wa,ig,500,5,-0.010025024110451242,0.03110437170580438,2,1,2
classic,amazon_review_full,fasttext_wa,ig,1000,5,0.021111314146490034,0.056958083633352814,3,0,2
classic,amazon_review_full,fasttext_wa,ig,1500,5,-0.020999746205776347,0.04064459400078311,1,1,3
classic,amazon_review_full,fasttext_wa,ig,2000,5,-0.0010099994924115507,0.02045994445037278,3,0,2
classic,amazon_review_full,random_cnn,df,500,5,0.004126034211461338,0.03611706169965555,2,0,3
classic,amazon_review_full,random_cnn,df,1000,5,0.009146286990508078,0.04563575740544348,4,0,1
classic,amazon_review_full,random_cnn,df,1500,5,0.017166489010710117,0.04527605708426913,3,0,2
classic,amazon_review_full,random_cnn,df,2000,5,0.005166285975331186,0.05643433762739009,2,1,2
classic,amazon_review_full,random_cnn,dfs,500,5,0.031206842292269422,0.042883603476383474,3,1,1
classic,amazon_review_full,random_cnn,dfs,1000,5,0.0150453276483427,0.015823385970579196,4,0,1
classic,amazon_review_full,random_cnn,dfs,1500,5,-0.001888838130044168,0.03875004382285373,1,1,3
classic,amazon_review_full,random_cnn,dfs,2000,5,0.020100857824475914,0.03396217744942222,4,0,1
classic,amazon_review_full,random_cnn,ig,500,5,0.00615136287498097,0.06517853597795153,3,0,2
classic,amazon_review_full,random_cnn,ig,1000,5,0.03818674178975684,0.026434385139257607,5,0,0
classic,amazon_review_full,random_cnn,ig,1500,5,0.03225739810161919,0.061043678710954945,3,0,2
classic,amazon_review_full,random_cnn,ig,2000,5,0.023130856301710558,0.03981064753761292,4,0,1
classic,amazon_review_full,random_lstm,df,500,5,-0.008035378914775886,0.01529327414503923,2,0,3
classic,amazon_review_full,random_lstm,df,1000,5,-0.020085782447591488,0.02983264222098494,1,0,4
classic,amazon_review_full,random_lstm,df,1500,5,0.029080402010050254,0.03025365397266102,4,1,0
classic,amazon_review_full,random_lstm,df,2000,5,-0.005000253794223636,0.04119425354177399,2,0,3
classic,amazon_review_full,random_lstm,dfs,500,5,0.07526734683518604,0.026432659764071602,5,0,0
classic,amazon_review_full,random_lstm,dfs,1000,5,0.07115110908075732,0.03518506098120777,5,0,0
classic,amazon_review_full,random_lstm,dfs,1500,5,0.026919141160347188,0.05588810796748318,4,0,1
classic,amazon_review_full,random_lstm,dfs,2000,5,0.05308547789452313,0.05621797419420203,4,0,1
classic,amazon_review_full,random_lstm,ig,500,5,0.051050302015126135,0.044612110819589636,5,0,0
classic,amazon_review_full,random_lstm,ig,1000,5,0.052166285975331204,0.019307922242976883,5,0,0
classic,amazon_review_full,random_lstm,ig,1500,5,0.050100908583320655,0.025426420697070278,5,0,0
classic,amazon_review_full,random_lstm,ig,2000,5,0.0541613116085478,0.009615008606919303,5,0,0
classic,amazon_review_full,random_wa,df,500,5,0.020969544693162777,0.037926681159782136,3,1,1
classic,amazon_review_full,random_wa,df,1000,5,0.03211090807573219,0.009816327976682951,5,0,0
classic,amazon_review_full,random_wa,df,1500,5,0.014994771838992949,0.02632132310065729,3,0,2
classic,amazon_review_full,random_wa,df,2000,5,0.031166133698797026,0.05349700136234501,3,1,1
classic,amazon_review_full,random_wa,dfs,500,5,0.009934470331455258,0.04642453636245312,2,0,3
classic,amazon_review_full,random_wa,dfs,1000,5,0.03606050454291661,0.035743362607803975,5,0,0
classic,amazon_review_full,random_wa,dfs,1500,5,0.024065631186234206,0.04022670913449711,4,0,1
classic,amazon_review_full,random_wa,dfs,2000,5,0.019984721587736665,0.060347894174136316,3,0,2
classic,amazon_review_full,random_wa,ig,500,5,0.0411010101010101,0.028850021533358652,4,1,0
classic,amazon_review_full,random_wa,ig,1000,5,0.03414623623166337,0.04469713574839337,4,0,1
classic,amazon_review_full,random_wa,ig,1500,5,0.035206842292269426,0.04880507170568437,4,0,1
classic,amazon_review_full,random_wa,ig,2000,5,0.03203512512055225,0.037714931683897786,4,0,1
classic,farm_ads,fasttext_cnn,df,500,5,-0.018168977914740658,0.012326802685690317,0,1,4
classic,farm_ads,fasttext_cnn,df,1000,5,-0.02498073959938365,0.01952754354214133,0,0,5
classic,farm_ads,fasttext_cnn,df,1500,5,-0.007960965588084234,0.016362478970713485,2,0,3
classic,farm_ads,fasttext_cnn,df,2000,5,-0.00567539804827939,0.023079659023391787,2,0,3
classic,farm_ads,fasttext_cnn,dfs,500,5,-0.03068181818181819,0.03824163334196331,0,1,4
classic,farm_ads,fasttext_cnn,dfs,1000,5,-0.009110169491525433,0.0206907716663957,2,0,3
classic,farm_ads,fasttext_cnn,dfs,1500,5,-0.021603749357986635,0.02284575449924417,1,0,4
classic,farm_ads,fasttext_cnn,dfs,2000,5,-0.014772727272727293,0.009507500301523603,0,1,4
classic,farm_ads,fasttext_cnn,ig,500,5,-0.017058294812532092,0.02923336974475209,2,0,3
classic,farm_ads,fasttext_cnn,ig,1000,5,-0.028396250642013343,0.015577898726036382,0,0,5
classic,farm_ads,fasttext_cnn,ig,1500,5,-0.022727272727272752,0.021635719050749735,0,1,4
classic,farm_ads,fasttext_cnn,ig,2000,5,-0.023870056497175107,0.01900253245268493,1,0,4
classic,farm_ads,fasttext_lstm,df,500,5,-0.031818181818181815,0.029138366829450223,0,1,4
classic,farm_ads,fasttext_lstm,df,1000,5,-0.013623523369286072,0.03907764599856131,2,0,3
classic,farm_ads,fasttext_lstm,df,1500,5,0.00116204417051875,0.04621265681476764,2,0,3
classic,farm_ads,fasttext_lstm,df,2000,5,-0.0011492039034411762,0.02250430123955381,3,1,1
classic,farm_ads,fasttext_lstm,dfs,500,5,0.0011427837699024002,0.02736526473734408,2,0,3
classic,farm_ads,fasttext_lstm,dfs,1000,5,0.031766820749871624,0.03349197900257994,4,0,1
classic,farm_ads,fasttext_lstm,dfs,1500,5,0.013610683102208521,0.028568881892401945,4,0,1
classic,farm_ads,fasttext_lstm,dfs,2000,5,0.02268875192604005,0.02374587523577989,4,0,1
classic,farm_ads,fasttext_lstm,ig,500,5,0.006773240883410381,0.03878048968098195,3,1,1
classic,farm_ads,fasttext_lstm,ig,1000,5,0.005675398048279412,0.03874483702602477,3,1,1
classic,farm_ads,fasttext_lstm,ig,1500,5,0.018136877247046712,0.04022677980497006,4,0,1
classic,farm_ads,fasttext_lstm,ig,2000,5,0.013649203903441199,0.026816235711833093,3,0,2
classic,farm_ads,fasttext_wa,df,500,5,-0.004551874678993317,0.015240540393236817,3,0,2
classic,farm_ads,fasttext_wa,df,1000,5,0.01816255778120184,0.014149612381265076,4,1,0
classic,farm_ads,fasttext_wa,df,1500,5,0.006831022085259364,0.0225002485346991,2,0,3
classic,farm_ads,fasttext_wa,df,2000,5,0.012493579866461223,0.01858866211412883,4,0,1
classic,farm_ads,fasttext_wa,dfs,500,5,-0.007941705187467929,0.030490055040678192,2,0,3
classic,farm_ads,fasttext_wa,dfs,1000,5,0.010214432460195178,0.024569442975961128,4,0,1
classic,farm_ads,fasttext_wa,dfs,1500,5,0.007928864920390332,0.030210352626558783,3,1,1
classic,farm_ads,fasttext_wa,dfs,2000,5,-0.004558294812532093,0.034647076124657686,3,0,2
classic,farm_ads,fasttext_wa,ig,500,5,-0.00453903441191581,0.028237802605735107,1,1,3
classic,farm_ads,fasttext_wa,ig,1000,5,0.0011363636363636465,0.028238121908611784,2,2,1
classic,farm_ads,fasttext_wa,ig,1500,5,0.0022534668721109208,0.02494701484607755,3,1,1
classic,farm_ads,fasttext_wa,ig,2000,5,0.0011106831022085206,0.04023961526140046,4,0,1
classic,farm_ads,random_cnn,df,500,5,-0.019311761684643013,0.032294919768818695,1,0,4
classic,farm_ads,random_cnn,df,1000,5,0.011325115562403698,0.03134409038136582,4,0,1
classic,farm_ads,random_cnn,df,1500,5,0.010195172059578872,0.03754085320160814,4,0,1
classic,farm_ads,random_cnn,df,2000,5,-0.0033769902413970155,0.03226052741553529,3,0,2
classic,farm_ads,random_cnn,dfs,500,5,-0.006811761684643014,0.030703155120646922,2,0,3
classic,farm_ads,random_cnn,dfs,1000,5,0.020409604519774027,0.024591891817607504,4,0,1
classic,farm_ads,random_cnn,dfs,1500,5,0.012448638931689793,0.04119586006999324,3,1,1
classic,farm_ads,random_cnn,dfs,2000,5,0.004506933744221908,0.037522416778575506,3,0,2
classic,farm_ads,random_cnn,ig,500,5,0.0022727272727272483,0.03738791790082295,2,1,2
classic,farm_ads,random_cnn,ig,1000,5,-0.004571135079609645,0.03093637293091118,2,0,3
classic,farm_ads,random_cnn,ig,1500,5,0.0022342064714946154,0.025539955736008944,2,1,2
classic,farm_ads,random_cnn,ig,2000,5,0.005656137647663084,0.02234494021471702,3,0,2
classic,farm_ads,random_lstm,df,500,5,-0.0352336928608115,0.05259279094491327,2,0,3
classic,farm_ads,random_lstm,df,1000,5,-0.04196199280945041,0.03038334895456701,1,0,4
classic,farm_ads,random_lstm,df,1500,5,-0.01700051361068309,0.028927774549166417,2,0,3
classic,farm_ads,random_lstm,df,2000,5,-0.011337955829481227,0.0411598624148557,1,0,4
classic,farm_ads,random_lstm,dfs,500,5,0.02843477144324602,0.05250639695216041,3,0,2
classic,farm_ads,random_lstm,dfs,1000,5,0.009116589625064186,0.04335969096308357,2,0,3
classic,farm_ads,random_lstm,dfs,1500,5,0.021533127889060078,0.035740539452400896,3,0,2
classic,farm_ads,random_lstm,dfs,2000,5,0.0022663071391884728,0.038029284515737415,2,1,2
classic,farm_ads,random_lstm,ig,500,5,0.01480482794042115,0.04426454175330434,2,0,3
classic,farm_ads,random_lstm,ig,1000,5,0.03405880842321522,0.03060506176016745,5,0,0
classic,farm_ads,random_lstm,ig,1500,5,0.02951335387776064,0.06306638624985371,3,0,2
classic,farm_ads,random_lstm,ig,2000,5,-0.003402670775552141,0.05661864862999826,2,0,3
classic,farm_ads,random_wa,df,500,5,-0.01135079609655878,0.018411217553445738,1,0,4
classic,farm_ads,random_wa,df,1000,5,0.005713918849512112,0.022308220381695013,3,1,1
classic,farm_ads,random_wa,df,1500,5,0.006818181818181834,0.015766405597172257,2,2,1
classic,farm_ads,random_wa,df,2000,5,-0.0022470467385721227,0.026197694947220955,2,0,3
classic,farm_ads,random_wa,dfs,500,5,-0.01929892141756546,0.022227057250871908,1,0,4
classic,farm_ads,random_wa,dfs,1000,5,-0.01591551104262967,0.02962689383559008,2,1,2
classic,farm_ads,random_wa,dfs,1500,5,0.00451977401129946,0.013522182893090443,3,0,2
classic,farm_ads,random_wa,dfs,2000,5,0.0056497175141243085,0.014422937520625711,3,1,1
classic,farm_ads,random_wa,ig,500,5,-0.009078068823831508,0.01685285665370302,1,0,4
classic,farm_ads,random_wa,ig,1000,5,-0.006811761684643014,0.021411162196245028,1,0,4
classic,farm_ads,random_wa,ig,1500,5,-0.007941705187467863,0.019924181334201135,2,0,3
classic,farm_ads,random_wa,ig,2000,5,-1.9260400616283313e-05,0.017021416502989224,2,1,2
classic,wos5736,fasttext_cnn,df,500,5,0.009958827650894286,0.030492512335202296,3,1,1
classic,wos5736,fasttext_cnn,df,1000,5,0.013969537055685243,0.024996325029437595,3,0,2
classic,wos5736,fasttext_cnn,df,1500,5,0.031065370542893,0.031883342754580546,4,0,1
classic,wos5736,fasttext_cnn,df,2000,5,0.006974971328597879,0.02085463197875554,3,0,2
classic,wos5736,fasttext_cnn,dfs,500,5,0.036121106073337114,0.022005549373519326,5,0,0
classic,wos5736,fasttext_cnn,dfs,1000,5,0.04419191698066562,0.016412099983455372,5,0,0
classic,wos5736,fasttext_cnn,dfs,1500,5,0.038151969027652055,0.012981853011632264,5,0,0
classic,wos5736,fasttext_cnn,dfs,2000,5,0.028080702017550398,0.026727231512050573,4,1,0
classic,wos5736,fasttext_cnn,ig,500,5,0.024070195663521022,0.025022956689169113,4,0,1
classic,wos5736,fasttext_cnn,ig,1000,5,0.04019222307968866,0.01278798093785545,5,0,0
classic,wos5736,fasttext_cnn,ig,1500,5,0.02710567764194105,0.024275049454800357,4,1,0
classic,wos5736,fasttext_cnn,ig,2000,5,0.02605105736780473,0.023263114139734455,4,0,1
classic,wos5736,fasttext_lstm,df,500,5,0.13874793570346872,0.05609053565259506,5,0,0
classic,wos5736,fasttext_lstm,df,1000,5,0.08829220730518264,0.05470201482716256,4,1,0
classic,wos5736,fasttext_lstm,df,1500,5,0.05337694356064485,0.06463592639118305,4,0,1
classic,wos5736,fasttext_lstm,df,2000,5,0.02719425853666647,0.09052981532509481,2,0,3
classic,wos5736,fasttext_lstm,dfs,500,5,0.421353401855351,0.058160661751551164,5,0,0
classic,wos5736,fasttext_lstm,dfs,1000,5,0.3729485369113923,0.04350209503369407,5,0,0
classic,wos5736,fasttext_lstm,dfs,1500,5,0.34576062371102423,0.05069684532079542,5,0,0
classic,wos5736,fasttext_lstm,dfs,2000,5,0.29364952397921623,0.061384480090251804,5,0,0
classic,wos5736,fasttext_lstm,ig,500,5,0.36912148692042174,0.06088504625187588,5,0,0
classic,wos5736,fasttext_lstm,ig,1000,5,0.3026447488598382,0.05104930238142149,5,0,0
classic,wos5736,fasttext_lstm,ig,1500,5,0.17804594861064416,0.0657766220213385,5,0,0
classic,wos5736,fasttext_lstm,ig,2000,5,0.12691824909835941,0.08352388089491229,4,0,1
classic,wos5736,fasttext_wa,df,500,5,-0.00716680353557062,0.024313626006697807,2,0,3
classic,wos5736,fasttext_wa,df,1000,5,-0.02521684869532905,0.03310935970210308,1,0,4
classic,wos5736,fasttext_wa,df,1500,5,0.001949642649695682,0.011517344744649414,2,1,2
classic,wos5736,fasttext_wa,df,2000,5,0.002954870826085365,0.023676360404420567,2,0,3
classic,wos5736,fasttext_wa,dfs,500,5,0.032182428926205396,0.023772313715286177,4,1,0
classic,wos5736,fasttext_wa,dfs,1000,5,0.03218263197696691,0.01220719028536133,5,0,0
classic,wos5736,fasttext_wa,dfs,1500,5,0.030070751768794257,0.02214573793936258,4,1,0
classic,wos5736,fasttext_wa,dfs,2000,5,0.032071004820805785,0.01886637634644802,5,0,0
classic,wos5736,fasttext_wa,ig,500,5,0.019076492140729928,0.015586683565933731,4,1,0
classic,wos5736,fasttext_wa,ig,1000,5,0.031146590847512323,0.016806928822956122,5,0,0
classic,wos5736,fasttext_wa,ig,1500,5,0.023035575889397242,0.025949285497871434,3,1,1
classic,wos5736,fasttext_wa,ig,2000,5,0.01697501828408654,0.020166712943783877,4,0,1
classic,wos5736,random_cnn,df,500,5,0.017095630436446175,0.01446663576060465,4,1,0
classic,wos5736,random_cnn,df,1000,5,0.014100961661097356,0.013010351298464694,4,1,0
classic,wos5736,random_cnn,df,1500,5,0.006019744402239513,0.013028227669101115,3,0,2
classic,wos5736,random_cnn,df,2000,5,0.011075479932683586,0.018241980232557495,3,0,2
classic,wos5736,random_cnn,dfs,500,5,0.022140959615360934,0.019623003557266278,4,0,1
classic,wos5736,random_cnn,dfs,1000,5,0.025106033742214116,0.015882834480889316,5,0,0
classic,wos5736,random_cnn,dfs,1500,5,0.02311557788944727,0.02649532929942528,3,2,0
classic,wos5736,random_cnn,dfs,2000,5,0.0241514159681403,0.014824590612435372,5,0,0
classic,wos5736,random_cnn,ig,500,5,0.026080855067061925,0.018906492544075892,5,0,0
classic,wos5736,random_cnn,ig,1000,5,0.030111361921103863,0.015008946419565492,5,0,0
classic,wos5736,random_cnn,ig,1500,5,0.017086036287963034,0.0057302594741503255,5,0,0
classic,wos5736,random_cnn,ig,2000,5,0.01809065531206806,0.017261718244913,5,0,0
classic,wos5736,random_lstm,df,500,5,0.16573482864990408,0.02269642330565667,5,0,0
classic,wos5736,random_lstm,df,1000,5,0.11247504537867255,0.040487326791497566,5,0,0
classic,wos5736,random_lstm,df,1500,5,0.10764215805902762,0.03551299139292231,5,0,0
classic,wos5736,random_lstm,df,2000,5,0.09751048344736538,0.028153648927001007,5,0,0
classic,wos5736,random_lstm,dfs,500,5,0.4633756706861834,0.021004757206669264,5,0,0
classic,wos5736,random_lstm,dfs,1000,5,0.40404532955963496,0.04230691187095734,5,0,0
classic,wos5736,random_lstm,dfs,1500,5,0.34778229861837917,0.045594384774019205,5,0,0
classic,wos5736,random_lstm,dfs,2000,5,0.30449479511099453,0.027399047217694542,5,0,0
classic,wos5736,random_lstm,ig,500,5,0.417222689450485,0.046141469468212785,5,0,0
classic,wos5736,random_lstm,ig,1000,5,0.29443352835089914,0.06999983609755321,5,0,0
classic,wos5736,random_lstm,ig,1500,5,0.22617857324605706,0.052252336777164024,5,0,0
classic,wos5736,random_lstm,ig,2000,5,0.2091031463603849,0.0316377417375216,5,0,0
classic,wos5736,random_wa,df,500,5,0.02307679519399153,0.02755918870030995,4,0,1
classic,wos5736,random_wa,df,1000,5,0.0072572118871499615,0.042473534481425816,3,1,1
classic,wos5736,random_wa,df,1500,5,0.023187813197868022,0.01924862960070872,5,0,0
classic,wos5736,random_wa,df,2000,5,0.008021215758820376,0.020535539645518228,2,0,3
classic,wos5736,random_wa,dfs,500,5,0.04834506649468266,0.047869231089575796,4,0,1
classic,wos5736,random_wa,dfs,1000,5,0.038333394883095465,0.04066171408258125,4,0,1
classic,wos5736,random_wa,dfs,1500,5,0.04629359388807055,0.019443073664600994,5,0,0
classic,wos5736,random_wa,dfs,2000,5,0.04724841471290588,0.034584064946185634,4,1,0
classic,wos5736,random_wa,ig,500,5,0.0444363900975697,0.052962135396712476,4,0,1
classic,wos5736,random_wa,ig,1000,5,0.05329937816973338,0.039267024624559464,4,1,0
classic,wos5736,random_wa,ig,1500,5,0.052324353794124034,0.020853088380840382,5,0,0
classic,wos5736,random_wa,ig,2000,5,0.041238061408387996,0.033080788024909796,4,0,1
gcn,20ng,fasttext_residual_word_gcn,df,500,5,-0.18437129811494019,0.04321771572012609,0,0,5
gcn,20ng,fasttext_residual_word_gcn,df,1000,5,-0.13394094839680637,0.050057199881321526,0,0,5
gcn,20ng,fasttext_residual_word_gcn,df,1500,5,-0.08963775731449122,0.03300583961171077,0,0,5
gcn,20ng,fasttext_residual_word_gcn,df,2000,5,-0.09063257913935156,0.017916778275534933,0,0,5
gcn,20ng,fasttext_residual_word_gcn,dfs,500,5,0.07268405479172511,0.02143777898296,5,0,0
gcn,20ng,fasttext_residual_word_gcn,dfs,1000,5,0.07050649185011351,0.026797902131402436,5,0,0
gcn,20ng,fasttext_residual_word_gcn,dfs,1500,5,0.03438604188454965,0.0492106797664104,3,0,2
gcn,20ng,fasttext_residual_word_gcn,dfs,2000,5,0.057481519271484316,0.03570559167218559,5,0,0
gcn,20ng,fasttext_residual_word_gcn,ig,500,5,-0.0655520240797898,0.006534251511714628,0,0,5
gcn,20ng,fasttext_residual_word_gcn,ig,1000,5,-0.05050177282350839,0.024984610632076104,0,0,5
gcn,20ng,fasttext_residual_word_gcn,ig,1500,5,-0.047293140831058844,0.03241667719358025,1,0,4
gcn,20ng,fasttext_residual_word_gcn,ig,2000,5,-0.061307604009897196,0.04350572446231726,0,1,4
gcn,amazon_review_full,fasttext_residual_word_gcn,df,500,5,-0.03302532866351961,0.034756391289167056,1,0,4
gcn,amazon_review_full,fasttext_residual_word_gcn,df,1000,5,-0.01808578244759148,0.009895223803595867,0,0,5
gcn,amazon_review_full,fasttext_residual_word_gcn,df,1500,5,-0.006959748236130136,0.025211034670075842,2,0,3
gcn,amazon_review_full,fasttext_residual_word_gcn,df,2000,5,-0.013040353281559313,0.014407653288804568,1,0,4
gcn,amazon_review_full,fasttext_residual_word_gcn,dfs,500,5,-0.015960002030353783,0.05989364848696195,1,0,4
gcn,amazon_review_full,fasttext_residual_word_gcn,dfs,1000,5,0.014019745190599463,0.05117059155758377,3,0,2
gcn,amazon_review_full,fasttext_residual_word_gcn,dfs,1500,5,-0.012025430181209062,0.02719173257481917,1,0,4
gcn,amazon_review_full,fasttext_residual_word_gcn,dfs,2000,5,-0.009030658342216124,0.046683418205647226,1,0,4
gcn,amazon_review_full,fasttext_residual_word_gcn,ig,500,5,-0.020055783970356844,0.042160380296719056,1,1,3
gcn,amazon_review_full,fasttext_residual_word_gcn,ig,1000,5,-0.002015329171108071,0.039701148486665526,3,0,2
gcn,amazon_review_full,fasttext_residual_word_gcn,ig,1500,5,-0.006010405563169385,0.04280922621977265,2,0,3
gcn,amazon_review_full,fasttext_residual_word_gcn,ig,2000,5,-0.022050809603573418,0.05004123435612646,1,0,4
gcn,farm_ads,fasttext_residual_word_gcn,df,500,5,-0.010252953261427833,0.02019609878998014,1,0,4
gcn,farm_ads,fasttext_residual_word_gcn,df,1000,5,0.013565742167437089,0.033630192159210065,3,0,2
gcn,farm_ads,fasttext_residual_word_gcn,df,1500,5,-0.0023561890087313575,0.04394106319869043,1,0,4
gcn,farm_ads,fasttext_residual_word_gcn,df,2000,5,-0.0023561890087313796,0.043012897954023147,1,0,4
gcn,farm_ads,fasttext_residual_word_gcn,dfs,500,5,0.013552901900359515,0.0382887998904658,3,0,2
gcn,farm_ads,fasttext_residual_word_gcn,dfs,1000,5,0.015812788906009255,0.05182132392297663,2,0,3
gcn,farm_ads,fasttext_residual_word_gcn,dfs,1500,5,0.01581920903954801,0.042993876813245416,2,1,2
gcn,farm_ads,fasttext_residual_word_gcn,dfs,2000,5,0.02263097072419109,0.0475494980090208,3,0,2
gcn,farm_ads,fasttext_residual_word_gcn,ig,500,5,0.01012455059065227,0.05451580229732961,3,1,1
gcn,farm_ads,fasttext_residual_word_gcn,ig,1000,5,0.02489727786337954,0.04483863273609463,3,0,2
gcn,farm_ads,fasttext_residual_word_gcn,ig,1500,5,0.018085516178736504,0.05616138462008486,2,0,3
gcn,farm_ads,fasttext_residual_word_gcn,ig,2000,5,0.02035182331792502,0.04744953764284351,3,0,2
gcn,wos5736,fasttext_residual_word_gcn,df,500,5,0.004985124628115689,0.053991605276654656,3,1,1
gcn,wos5736,fasttext_residual_word_gcn,df,1000,5,0.010935273381834554,0.046768176805933405,2,1,2
gcn,wos5736,fasttext_residual_word_gcn,df,1500,5,0.019858466004797348,0.09401399961224777,2,0,3
gcn,wos5736,fasttext_residual_word_gcn,df,2000,5,0.022751101772468196,0.09301595481313317,3,0,2
gcn,wos5736,fasttext_residual_word_gcn,dfs,500,5,0.12854707154480893,0.06584689722242693,5,0,0
gcn,wos5736,fasttext_residual_word_gcn,dfs,1000,5,0.12062870099671275,0.037215363385332725,5,0,0
gcn,wos5736,fasttext_residual_word_gcn,dfs,1500,5,0.10458687863135667,0.05066933712696311,5,0,0
gcn,wos5736,fasttext_residual_word_gcn,dfs,2000,5,0.0943764203242137,0.051291325476157314,5,0,0
gcn,wos5736,fasttext_residual_word_gcn,ig,500,5,0.1195730654687687,0.04168210364336102,5,0,0
gcn,wos5736,fasttext_residual_word_gcn,ig,1000,5,0.07096332230640792,0.09943534144685,4,0,1
gcn,wos5736,fasttext_residual_word_gcn,ig,1500,5,0.05993967108060949,0.07702685197294078,4,0,1
gcn,wos5736,fasttext_residual_word_gcn,ig,2000,5,0.052963887548965374,0.07969557195247606,4,0,1
