family,dataset_id,model,selector,folds,accuracy_delta_mean,accuracy_delta_std,wins,ties,losses
bert,20ng,bert_bilstm_attention,df,5,-0.17729592123051807,0.045813180310624695,0,0,5
bert,20ng,bert_bilstm_attention,dfs,5,-0.060460806570925715,0.026274555851926836,0,0,5
bert,20ng,bert_bilstm_attention,ig,5,-0.08869379894395839,0.030742848110152998,0,0,5
bert,20ng,bert_cls,df,5,-0.18346312782185037,0.023125844392759512,0,0,5
bert,20ng,bert_cls,dfs,5,-0.08462786011274645,0.016882115747243118,0,0,5
bert,20ng,bert_cls,ig,5,-0.08269395199346989,0.01722138983254533,0,0,5
bert,20ng,bert_cnn,df,5,-0.19946312782185038,0.036570400385035874,0,0,5
bert,20ng,bert_cnn,dfs,5,-0.08755187103027831,0.05120942020139558,0,0,5
bert,20ng,bert_cnn,ig,5,-0.09170415529423767,0.03220664781382298,0,0,5
bert,20ng,bert_mean,df,5,-0.17232607198428693,0.029603396976477365,0,0,5
bert,20ng,bert_mean,dfs,5,-0.05848608524857792,0.02075453714691238,0,0,5
bert,20ng,bert_mean,ig,5,-0.07255202407978982,0.036013614674455956,0,0,5
classic,20ng,fasttext_cnn,df,5,-0.09869805882202892,0.024428680845308262,0,0,5
classic,20ng,fasttext_cnn,dfs,5,0.057593296431395546,0.03450074639622122,5,0,0
classic,20ng,fasttext_cnn,ig,5,-0.0008624850139019813,0.029323155274037328,2,0,3
classic,20ng,fasttext_lstm,df,5,0.012005484274162698,0.04442907890774995,3,0,2
classic,20ng,fasttext_lstm,dfs,5,0.3114101726908655,0.027923687022917497,5,0,0
classic,20ng,fasttext_lstm,ig,5,0.058227508098869986,0.07466796402344918,3,0,2
gcn,20ng,fasttext_residual_word_gcn,df,5,-0.13394094839680637,0.050057199881321526,0,0,5
gcn,20ng,fasttext_residual_word_gcn,dfs,5,0.07050649185011351,0.026797902131402436,5,0,0
gcn,20ng,fasttext_residual_word_gcn,ig,5,-0.05050177282350839,0.024984610632076104,0,0,5
classic,20ng,fasttext_wa,df,5,-0.17029059000586688,0.03638862100898414,0,0,5
classic,20ng,fasttext_wa,dfs,5,-0.015182128918705207,0.04618235563256173,2,0,3
classic,20ng,fasttext_wa,ig,5,-0.0746019692370482,0.04023406872561003,0,0,5
classic,20ng,random_cnn,df,5,-0.023253552024079784,0.054739234798958,2,0,3
classic,20ng,random_cnn,dfs,5,0.1018454710098717,0.021875516341632283,5,0,0
classic,20ng,random_cnn,ig,5,0.03530410937938424,0.04264522129647645,4,0,1
classic,20ng,random_lstm,df,5,0.02207019870928245,0.026743862567732445,4,0,1
classic,20ng,random_lstm,dfs,5,0.3146637247149453,0.030708773451546476,5,0,0
classic,20ng,random_lstm,ig,5,0.066663495140678,0.0412959158034887,5,0,0
classic,20ng,random_wa,df,5,-0.15223074764686373,0.04216737239777621,0,0,5
classic,20ng,random_wa,dfs,5,-0.01427441777414995,0.04479833175712178,1,1,3
classic,20ng,random_wa,ig,5,-0.04940553018901617,0.022322760370705748,0,0,5
bert,ag_news,bert_bilstm_attention,df,5,-0.0549753743843596,0.019968878935285116,0,0,5
bert,ag_news,bert_bilstm_attention,dfs,5,-0.05398064951623791,0.020646397179707128,0,0,5
bert,ag_news,bert_bilstm_attention,ig,5,-0.042950448761218986,0.034484380603862504,0,0,5
bert,ag_news,bert_cls,df,5,-0.0659803495087377,0.030079750047911618,0,0,5
bert,ag_news,bert_cls,dfs,5,-0.0770107002675067,0.015301141316498262,0,0,5
bert,ag_news,bert_cls,ig,5,-0.05500537513437835,0.02669740438210714,0,0,5
bert,ag_news,bert_cnn,df,5,-0.06394054851371285,0.02341269288887987,0,0,5
bert,ag_news,bert_cnn,dfs,5,-0.048990499762494054,0.01134716848897115,0,0,5
bert,ag_news,bert_cnn,ig,5,-0.05096039900997522,0.02402335882095279,0,0,5
bert,ag_news,bert_mean,df,5,-0.05000020000500009,0.029368180058525973,0,0,5
bert,ag_news,bert_mean,dfs,5,-0.05401532538313458,0.031111253945486226,0,0,5
bert,ag_news,bert_mean,ig,5,-0.04199029975749393,0.030324132663397087,0,0,5
classic,ag_news,fasttext_cnn,df,5,-0.026939998499962516,0.04137123822698351,1,0,4
classic,ag_news,fasttext_cnn,dfs,5,-0.034040501012525315,0.02714156624202971,0,1,4
classic,ag_news,fasttext_cnn,ig,5,-0.01597517437935949,0.013831919227999423,0,1,4
classic,ag_news,fasttext_lstm,df,5,-0.041985124628115725,0.04222714837231226,0,0,5
classic,ag_news,fasttext_lstm,dfs,5,-0.029055126378159456,0.032472625871551516,1,0,4
classic,ag_news,fasttext_lstm,ig,5,-0.023010400260006492,0.02777522078914527,1,0,4
gcn,ag_news,fasttext_residual_word_gcn,df,5,-0.034040501012525315,0.028708267416730132,0,1,4
gcn,ag_news,fasttext_residual_word_gcn,dfs,5,-0.034055426385659636,0.028715311233984703,0,0,5
gcn,ag_news,fasttext_residual_word_gcn,ig,5,-0.028055226380659538,0.028458135849379885,1,1,3
classic,ag_news,fasttext_wa,df,5,-0.03903045076126903,0.020220400780983486,0,0,5
classic,ag_news,fasttext_wa,dfs,5,-0.01402517562939074,0.020157455557627164,1,0,4
classic,ag_news,fasttext_wa,ig,5,-0.01700030000750019,0.021095520874703143,1,0,4
classic,ag_news,random_cnn,df,5,-0.001060001500037533,0.040060944165498595,2,0,3
classic,ag_news,random_cnn,dfs,5,0.0019399984999624697,0.04618256444461998,2,0,3
classic,ag_news,random_cnn,ig,5,0.01999024975624388,0.0299876925899118,4,0,1
classic,ag_news,random_lstm,df,5,0.05393059826495663,0.040231121143708776,5,0,0
classic,ag_news,random_lstm,dfs,5,0.09695099877496938,0.030327825502747874,5,0,0
classic,ag_news,random_lstm,ig,5,0.06903587589689741,0.060637625866954675,4,0,1
classic,ag_news,random_wa,df,5,-0.045930548263706614,0.026577985991209172,0,0,5
classic,ag_news,random_wa,dfs,5,-0.001985324633115848,0.033244205603912405,2,0,3
classic,ag_news,random_wa,ig,5,-0.00998034950873774,0.03274202642122384,2,0,3
bert,amazon_cells,bert_bilstm_attention,df,5,-0.06965247196862126,0.019878553673579765,0,0,5
bert,amazon_cells,bert_bilstm_attention,dfs,5,-0.09378307215717621,0.04242657313209182,0,0,5
bert,amazon_cells,bert_bilstm_attention,ig,5,-0.09384936784625586,0.02652492589195773,0,0,5
bert,amazon_cells,bert_cls,df,5,-0.0665558217174165,0.03362850928472533,0,0,5
bert,amazon_cells,bert_cls,dfs,5,-0.08679404302443357,0.03900353940148793,0,0,5
bert,amazon_cells,bert_cls,ig,5,-0.08069252069711219,0.03251302815826796,0,0,5
bert,amazon_cells,bert_cnn,df,5,-0.08183013720089964,0.015858160674598498,0,0,5
bert,amazon_cells,bert_cnn,dfs,5,-0.10301200923347184,0.01138652084524363,0,0,5
bert,amazon_cells,bert_cnn,ig,5,-0.10803708332979052,0.016261207547201284,0,0,5
bert,amazon_cells,bert_mean,df,5,-0.06862206742062878,0.024881980387031412,0,0,5
bert,amazon_cells,bert_mean,dfs,5,-0.09290053817258373,0.02471759405509528,0,0,5
bert,amazon_cells,bert_mean,ig,5,-0.09292602065859216,0.011578405770890202,0,0,5
classic,amazon_cells,fasttext_cnn,df,5,-0.005035225865264392,0.010101100087739723,1,2,2
classic,amazon_cells,fasttext_cnn,dfs,5,-0.013136749738540421,0.021106140209631953,1,1,3
classic,amazon_cells,fasttext_cnn,ig,5,-0.0030762436496691637,0.02311782923224607,3,0,2
classic,amazon_cells,fasttext_lstm,df,5,-0.007091422863175034,0.019126673276497135,1,0,4
classic,amazon_cells,fasttext_lstm,dfs,5,0.005938217983214566,0.0326313763242489,3,0,2
classic,amazon_cells,fasttext_lstm,ig,5,-0.003147924414154035,0.04013301973906009,3,0,2
gcn,amazon_cells,fasttext_residual_word_gcn,df,5,-0.0009489327373162881,0.032111891514027276,3,1,1
gcn,amazon_cells,fasttext_residual_word_gcn,dfs,5,0.02725299058487849,0.020899876059923744,5,0,0
gcn,amazon_cells,fasttext_residual_word_gcn,ig,5,0.02821212662296253,0.02717692662528045,4,1,0
classic,amazon_cells,fasttext_wa,df,5,-0.007075937550646149,0.00763283883073247,1,0,4
classic,amazon_cells,fasttext_wa,dfs,5,-0.011085834752390866,0.013034030210594742,1,0,4
classic,amazon_cells,fasttext_wa,ig,5,-0.010035023602862814,0.024892346534143503,1,2,2
classic,amazon_cells,random_cnn,df,5,0.007116699221895284,0.026940751543756587,3,0,2
classic,amazon_cells,random_cnn,dfs,5,0.005984261666224744,0.029787584959801026,3,0,2
classic,amazon_cells,random_cnn,ig,5,-0.001071217751063691,0.029429095101637805,1,0,4
classic,amazon_cells,random_lstm,df,5,-0.0031220812053911694,0.03148197662435937,3,0,2
classic,amazon_cells,random_lstm,dfs,5,0.02519699971425602,0.016224364948659562,5,0,0
classic,amazon_cells,random_lstm,ig,5,0.024212329658341435,0.01570787068300335,4,1,0
classic,amazon_cells,random_wa,df,5,0.003081319534142013,0.017687818354329955,3,1,1
classic,amazon_cells,random_wa,dfs,5,0.005984107070758626,0.028033850426607557,4,0,1
classic,amazon_cells,random_wa,ig,5,0.012146797670864707,0.02249217538566941,2,1,2
bert,amazon_review_full,bert_bilstm_attention,df,5,-0.06012080605045429,0.032977447746838424,0,0,5
bert,amazon_review_full,bert_bilstm_attention,dfs,5,-0.07528226993553627,0.03242880479004015,0,0,5
bert,amazon_review_full,bert_bilstm_attention,ig,5,-0.08032785137810264,0.06661898247467388,1,0,4
bert,amazon_review_full,bert_cls,df,5,-0.04720684229226944,0.028208682270338518,0,0,5
bert,amazon_review_full,bert_cls,dfs,5,-0.09927252423734836,0.040263108213457126,0,0,5
bert,amazon_review_full,bert_cls,ig,5,-0.09735297700624337,0.04344905423853307,0,0,5
bert,amazon_review_full,bert_cnn,df,5,-0.035136185980407075,0.03148549186379401,1,0,4
bert,amazon_review_full,bert_cnn,dfs,5,-0.09324689102076036,0.026547691602588852,0,0,5
bert,amazon_review_full,bert_cnn,ig,5,-0.08231267448352876,0.030620290187448093,0,0,5
bert,amazon_review_full,bert_mean,df,5,-0.03913095781940005,0.02888115437284738,0,1,4
bert,amazon_review_full,bert_mean,dfs,5,-0.0752117151413634,0.025452197161579565,0,0,5
bert,amazon_review_full,bert_mean,ig,5,-0.10226222019186845,0.042400287844503906,0,0,5
classic,amazon_review_full,fasttext_cnn,df,5,0.04402487183391707,0.04206666743649156,4,0,1
classic,amazon_review_full,fasttext_cnn,dfs,5,0.036014770823816065,0.04180200283261145,4,0,1
classic,amazon_review_full,fasttext_cnn,ig,5,0.030065326633165846,0.04602431333813698,3,1,1
classic,amazon_review_full,fasttext_lstm,df,5,0.008974874371859287,0.03232087305253227,2,1,2
classic,amazon_review_full,fasttext_lstm,dfs,5,0.05310070554794172,0.04053075617082255,5,0,0
classic,amazon_review_full,fasttext_lstm,ig,5,0.01602512562814069,0.009647200791893632,4,1,0
gcn,amazon_review_full,fasttext_residual_word_gcn,df,5,-0.01808578244759148,0.009895223803595867,0,0,5
gcn,amazon_review_full,fasttext_residual_word_gcn,dfs,5,0.014019745190599463,0.05117059155758377,3,0,2
gcn,amazon_review_full,fasttext_residual_word_gcn,ig,5,-0.002015329171108071,0.039701148486665526,3,0,2
classic,amazon_review_full,fasttext_wa,df,5,0.018020455814425674,0.047503623759285414,3,0,2
classic,amazon_review_full,fasttext_wa,dfs,5,0.003025430181209077,0.0486308801020266,3,0,2
classic,amazon_review_full,fasttext_wa,ig,5,0.021111314146490034,0.056958083633352814,3,0,2
classic,amazon_review_full,random_cnn,df,5,0.009146286990508078,0.04563575740544348,4,0,1
classic,amazon_review_full,random_cnn,dfs,5,0.0150453276483427,0.015823385970579196,4,0,1
classic,amazon_review_full,random_cnn,ig,5,0.03818674178975684,0.026434385139257607,5,0,0
classic,amazon_review_full,random_lstm,df,5,-0.020085782447591488,0.02983264222098494,1,0,4
classic,amazon_review_full,random_lstm,dfs,5,0.07115110908075732,0.03518506098120777,5,0,0
classic,amazon_review_full,random_lstm,ig,5,0.052166285975331204,0.019307922242976883,5,0,0
classic,amazon_review_full,random_wa,df,5,0.03211090807573219,0.009816327976682951,5,0,0
classic,amazon_review_full,random_wa,dfs,5,0.03606050454291661,0.035743362607803975,5,0,0
classic,amazon_review_full,random_wa,ig,5,0.03414623623166337,0.04469713574839337,4,0,1
bert,amazon_review_polarity,bert_bilstm_attention,df,5,-0.03202512562814073,0.02438367195468078,0,0,5
bert,amazon_review_polarity,bert_bilstm_attention,dfs,5,-0.07102512562814071,0.047849908142542606,0,0,5
bert,amazon_review_polarity,bert_bilstm_attention,ig,5,-0.09110050251256281,0.03232354885076546,0,0,5
bert,amazon_review_polarity,bert_cls,df,5,-0.024055276381909563,0.030972555545030124,1,0,4
bert,amazon_review_polarity,bert_cls,dfs,5,-0.07807537688442209,0.030322649649071894,0,0,5
bert,amazon_review_polarity,bert_cls,ig,5,-0.08205527638190954,0.03148466486423335,0,0,5
bert,amazon_review_polarity,bert_cnn,df,5,-0.03604020100502514,0.01246635835576198,0,0,5
bert,amazon_review_polarity,bert_cnn,dfs,5,-0.06902512562814071,0.041106439123213635,0,0,5
bert,amazon_review_polarity,bert_cnn,ig,5,-0.09206030150753768,0.020067238493525787,0,0,5
bert,amazon_review_polarity,bert_mean,df,5,-0.05300502512562817,0.034378730505707465,0,0,5
bert,amazon_review_polarity,bert_mean,dfs,5,-0.06897989949748747,0.05598637675327858,1,0,4
bert,amazon_review_polarity,bert_mean,ig,5,-0.08106532663316583,0.018436601436229254,0,0,5
classic,amazon_review_polarity,fasttext_cnn,df,5,0.018065326633165846,0.04433054496892619,2,1,2
classic,amazon_review_polarity,fasttext_cnn,dfs,5,0.001070351758793975,0.05715907998946261,2,1,2
classic,amazon_review_polarity,fasttext_cnn,ig,5,0.0010653266331658306,0.061971554758223836,3,0,2
classic,amazon_review_polarity,fasttext_lstm,df,5,-0.02401507537688443,0.011923168218013284,0,0,5
classic,amazon_review_polarity,fasttext_lstm,dfs,5,0.002974874371859304,0.020230223687735065,3,0,2
classic,amazon_review_polarity,fasttext_lstm,ig,5,0.007994974874371886,0.018239063650372856,3,0,2
gcn,amazon_review_polarity,fasttext_residual_word_gcn,df,5,-0.026070351758793974,0.03905462124150183,1,0,4
gcn,amazon_review_polarity,fasttext_residual_word_gcn,dfs,5,0.06607537688442215,0.010918992090528469,5,0,0
gcn,amazon_review_polarity,fasttext_residual_word_gcn,ig,5,0.043055276381909556,0.03117167895460994,5,0,0
classic,amazon_review_polarity,fasttext_wa,df,5,-0.01702010050251255,0.017892813471331172,1,0,4
classic,amazon_review_polarity,fasttext_wa,dfs,5,-0.012020100502512565,0.03511273316335905,2,0,3
classic,amazon_review_polarity,fasttext_wa,ig,5,-0.030030150753768824,0.026220307880338942,0,1,4
classic,amazon_review_polarity,random_cnn,df,5,-0.0030301507537688456,0.029741212504186217,2,1,2
classic,amazon_review_polarity,random_cnn,dfs,5,-0.02302512562814072,0.00837429308220407,0,0,5
classic,amazon_review_polarity,random_cnn,ig,5,-0.01401005025125628,0.01980908888680117,1,0,4
classic,amazon_review_polarity,random_lstm,df,5,0.015964824120603006,0.051570254132935686,3,0,2
classic,amazon_review_polarity,random_lstm,dfs,5,0.06398492462311556,0.05263533531069801,4,0,1
classic,amazon_review_polarity,random_lstm,ig,5,0.08603015075376885,0.04912518132090837,5,0,0
classic,amazon_review_polarity,random_wa,df,5,-4.522613065325309e-05,0.027930237498327178,3,0,2
classic,amazon_review_polarity,random_wa,dfs,5,0.003984924623115571,0.022488157255252165,2,0,3
classic,amazon_review_polarity,random_wa,ig,5,-0.03709045226130654,0.03527783769848985,0,0,5
bert,bbc_sport,bert_bilstm_attention,df,5,-0.005517892088342169,0.011275687552013592,1,0,4
bert,bbc_sport,bert_bilstm_attention,dfs,5,0.004090563165905637,0.009217737097988772,2,2,1
bert,bbc_sport,bert_bilstm_attention,ig,5,0.002720700152207001,0.010409518651434654,1,3,1
bert,bbc_sport,bert_cls,df,5,-0.002683036684993656,0.01040694134312486,2,1,2
bert,bbc_sport,bert_cls,dfs,5,0.004138321995464845,0.0037781968847670163,3,2,0
bert,bbc_sport,bert_cls,ig,5,0.00274943310657596,0.0037651497583541995,2,3,0
bert,bbc_sport,bert_cnn,df,5,-0.005470521541950113,0.008875322625131226,0,3,2
bert,bbc_sport,bert_cnn,dfs,5,0.001388888888888884,0.003105649968749697,1,4,0
bert,bbc_sport,bert_cnn,ig,5,-0.0013698630136986356,0.003063106818492875,0,4,1
bert,bbc_sport,bert_mean,df,5,9.318796011559271e-06,0.004826740538778101,1,3,1
bert,bbc_sport,bert_mean,dfs,5,-0.004118907837107444,0.01718423001583713,2,2,1
bert,bbc_sport,bert_mean,ig,5,0.0027113813561954634,0.007832573749817927,2,2,1
classic,bbc_sport,fasttext_cnn,df,5,-0.01231012953126458,0.012249893204971206,0,2,3
classic,bbc_sport,fasttext_cnn,dfs,5,0.013774733637747328,0.010860467193162786,4,1,0
classic,bbc_sport,fasttext_cnn,ig,5,0.009636799925449658,0.003795707376057387,5,0,0
classic,bbc_sport,fasttext_lstm,df,5,0.018158450594849773,0.06703012984302421,3,0,2
classic,bbc_sport,fasttext_lstm,dfs,5,0.15421830832789735,0.06162318738794721,5,0,0
classic,bbc_sport,fasttext_lstm,ig,5,0.14043347932780414,0.06699822428464301,5,0,0
gcn,bbc_sport,fasttext_residual_word_gcn,df,5,-0.026190087907309055,0.02913589278055503,1,0,4
gcn,bbc_sport,fasttext_residual_word_gcn,dfs,5,0.097614776504209,0.03485396708042733,5,0,0
gcn,bbc_sport,fasttext_residual_word_gcn,ig,5,0.1002220979716087,0.038675070615602464,5,0,0
classic,bbc_sport,fasttext_wa,df,5,-0.013679992544963193,0.015336995051308543,1,0,4
classic,bbc_sport,fasttext_wa,dfs,5,0.028730624669959327,0.021731810241815044,4,1,0
classic,bbc_sport,fasttext_wa,ig,5,0.024658699096076785,0.015677857609412284,4,1,0
classic,bbc_sport,random_cnn,df,5,0.008352747491690748,0.02606080728173096,3,0,2
classic,bbc_sport,random_cnn,dfs,5,0.026199406703320615,0.017274566575828227,4,1,0
classic,bbc_sport,random_cnn,ig,5,0.018008573292330632,0.0325884190854273,4,0,1
classic,bbc_sport,random_lstm,df,5,0.0580176591184419,0.08235981165984682,4,0,1
classic,bbc_sport,random_lstm,dfs,5,0.22992343055943837,0.051723842506028905,5,0,0
classic,bbc_sport,random_lstm,ig,5,0.21208531357748578,0.06790973176440225,5,0,0
classic,bbc_sport,random_wa,df,5,-0.0385565184978101,0.01594333427037716,0,0,5
classic,bbc_sport,random_wa,dfs,5,0.014993554499425321,0.026728918561328807,3,1,1
classic,bbc_sport,random_wa,ig,5,0.016344779921100817,0.03001200436780078,3,0,2
bert,dbpedia,bert_bilstm_attention,df,5,-0.025141109588345766,0.018505265509976828,0,1,4
bert,dbpedia,bert_bilstm_attention,dfs,5,-0.04124206893051115,0.009627577816314112,0,0,5
bert,dbpedia,bert_bilstm_attention,ig,5,-0.029166285975331198,0.018656268123616787,0,1,4
bert,dbpedia,bert_cls,df,5,-0.042287447337698604,0.010570039501330354,0,0,5
bert,dbpedia,bert_cls,dfs,5,-0.03519669052332368,0.014604437753412351,0,0,5
bert,dbpedia,bert_cls,ig,5,-0.0402571950662403,0.01751250852792293,0,0,5
bert,dbpedia,bert_cnn,df,5,-0.031211765900208133,0.01762263496778189,0,0,5
bert,dbpedia,bert_cnn,dfs,5,-0.026171564895183,0.011522194157101331,0,0,5
bert,dbpedia,bert_cnn,ig,5,-0.029206791533424693,0.0157696160165601,0,0,5
bert,dbpedia,bert_mean,df,5,-0.031181361352215654,0.018946346298920808,0,0,5
bert,dbpedia,bert_mean,dfs,5,-0.0332218161514644,0.015363026809391195,0,0,5
bert,dbpedia,bert_mean,ig,5,-0.029201817166641275,0.011573911536031854,0,0,5
classic,dbpedia,fasttext_cnn,df,5,0.0030150246180396635,0.01157981247608418,3,0,2
classic,dbpedia,fasttext_cnn,dfs,5,0.010014872341505488,0.019486872599668838,3,0,2
classic,dbpedia,fasttext_cnn,ig,5,0.001045479924876913,0.013959078748563525,3,0,2
classic,dbpedia,fasttext_lstm,df,5,0.09059007156997104,0.022200470729173992,5,0,0
classic,dbpedia,fasttext_lstm,dfs,5,0.1167362570427897,0.03930529205390637,5,0,0
classic,dbpedia,fasttext_lstm,ig,5,0.07250972031876553,0.04752844936527698,5,0,0
gcn,dbpedia,fasttext_residual_word_gcn,df,5,-0.03815100756306784,0.025668904617077142,0,1,4
gcn,dbpedia,fasttext_residual_word_gcn,dfs,5,0.011095680422313592,0.02049925660292333,4,0,1
gcn,dbpedia,fasttext_residual_word_gcn,ig,5,-0.0120654789097,0.0076151795695030096,0,0,5
classic,dbpedia,fasttext_wa,df,5,-0.02212588193492717,0.016127048793968143,0,0,5
classic,dbpedia,fasttext_wa,dfs,5,0.007010050251256272,0.01306550855966409,3,0,2
classic,dbpedia,fasttext_wa,ig,5,-0.009050302015126133,0.010891877089286265,0,2,3
classic,dbpedia,random_cnn,df,5,0.024151312116136237,0.014889528417891217,5,0,0
classic,dbpedia,random_cnn,dfs,5,0.025120856809299007,0.017418975073929262,4,0,1
classic,dbpedia,random_cnn,ig,5,0.008070656311862368,0.02608609578682693,2,1,2
classic,dbpedia,random_lstm,df,5,0.06841307547840211,0.05613292496543084,5,0,0
classic,dbpedia,random_lstm,dfs,5,0.12070570021826302,0.025572531098322485,5,0,0
classic,dbpedia,random_lstm,ig,5,0.08349895944368305,0.020887852339062443,5,0,0
classic,dbpedia,random_wa,df,5,-0.020135982945028164,0.02131545527549694,1,0,4
classic,dbpedia,random_wa,dfs,5,0.005999898482310528,0.01824905476466118,2,1,2
classic,dbpedia,random_wa,ig,5,-0.0030252271458301562,0.012614995001742303,1,1,3
bert,farm_ads,bert_bilstm_attention,df,5,0.014759887005649674,0.01733039804716652,5,0,0
bert,farm_ads,bert_bilstm_attention,dfs,5,-0.0034347714432460654,0.023597080514927787,2,0,3
bert,farm_ads,bert_bilstm_attention,ig,5,-0.006850282485875714,0.024839742663103116,1,1,3
bert,farm_ads,bert_cls,df,5,-0.019279661016949157,0.02360257775879027,1,1,3
bert,farm_ads,bert_cls,dfs,5,-0.023850796096558803,0.02554446811549434,1,0,4
bert,farm_ads,bert_cls,ig,5,-0.03630585516178737,0.020275745830703493,0,0,5
bert,farm_ads,bert_cnn,df,5,0.011382896764252703,0.04192923301859436,2,0,3
bert,farm_ads,bert_cnn,dfs,5,0.007993066255778114,0.04333659689563433,2,0,3
bert,farm_ads,bert_cnn,ig,5,0.00013482280431431626,0.07888464412917938,3,0,2
bert,farm_ads,bert_mean,df,5,0.013533641499743187,0.05937077110946952,3,0,2
bert,farm_ads,bert_mean,dfs,5,0.0021892655367231396,0.04849170254709207,2,1,2
bert,farm_ads,bert_mean,ig,5,0.01355932203389829,0.03478251846482596,4,0,1
classic,farm_ads,fasttext_cnn,df,5,-0.02498073959938365,0.01952754354214133,0,0,5
classic,farm_ads,fasttext_cnn,dfs,5,-0.009110169491525433,0.0206907716663957,2,0,3
classic,farm_ads,fasttext_cnn,ig,5,-0.028396250642013343,0.015577898726036382,0,0,5
classic,farm_ads,fasttext_lstm,df,5,-0.013623523369286072,0.03907764599856131,2,0,3
classic,farm_ads,fasttext_lstm,dfs,5,0.031766820749871624,0.03349197900257994,4,0,1
classic,farm_ads,fasttext_lstm,ig,5,0.005675398048279412,0.03874483702602477,3,1,1
gcn,farm_ads,fasttext_residual_word_gcn,df,5,0.013565742167437089,0.033630192159210065,3,0,2
gcn,farm_ads,fasttext_residual_word_gcn,dfs,5,0.015812788906009255,0.05182132392297663,2,0,3
gcn,farm_ads,fasttext_residual_word_gcn,ig,5,0.02489727786337954,0.04483863273609463,3,0,2
classic,farm_ads,fasttext_wa,df,5,0.01816255778120184,0.014149612381265076,4,1,0
classic,farm_ads,fasttext_wa,dfs,5,0.010214432460195178,0.024569442975961128,4,0,1
classic,farm_ads,fasttext_wa,ig,5,0.0011363636363636465,0.028238121908611784,2,2,1
classic,farm_ads,random_cnn,df,5,0.011325115562403698,0.03134409038136582,4,0,1
classic,farm_ads,random_cnn,dfs,5,0.020409604519774027,0.024591891817607504,4,0,1
classic,farm_ads,random_cnn,ig,5,-0.004571135079609645,0.03093637293091118,2,0,3
classic,farm_ads,random_lstm,df,5,-0.04196199280945041,0.03038334895456701,1,0,4
classic,farm_ads,random_lstm,dfs,5,0.009116589625064186,0.04335969096308357,2,0,3
classic,farm_ads,random_lstm,ig,5,0.03405880842321522,0.03060506176016745,5,0,0
classic,farm_ads,random_wa,df,5,0.005713918849512112,0.022308220381695013,3,1,1
classic,farm_ads,random_wa,dfs,5,-0.01591551104262967,0.02962689383559008,2,1,2
classic,farm_ads,random_wa,ig,5,-0.006811761684643014,0.021411162196245028,1,0,4
bert,imdb,bert_bilstm_attention,df,5,-0.011999999999999988,0.03074085229787882,1,0,4
bert,imdb,bert_bilstm_attention,dfs,5,-0.038999999999999965,0.042632147494584424,1,0,4
bert,imdb,bert_bilstm_attention,ig,5,-0.02999999999999998,0.02207940216581967,0,0,5
bert,imdb,bert_cls,df,5,-0.03699999999999999,0.022527760652137588,0,0,5
bert,imdb,bert_cls,dfs,5,-0.04699999999999997,0.015247950681976884,0,0,5
bert,imdb,bert_cls,ig,5,-0.03799999999999999,0.02049390153191917,0,0,5
bert,imdb,bert_cnn,df,5,-0.011999999999999988,0.04236744032862971,3,0,2
bert,imdb,bert_cnn,dfs,5,-0.03599999999999996,0.04292435206266951,1,0,4
bert,imdb,bert_cnn,ig,5,-0.039999999999999966,0.018708286933869694,0,0,5
bert,imdb,bert_mean,df,5,-0.023999999999999976,0.03714835124201341,1,1,3
bert,imdb,bert_mean,dfs,5,-0.019999999999999997,0.028062430400804556,1,1,3
bert,imdb,bert_mean,ig,5,-0.029000000000000005,0.01816590212458494,0,0,5
classic,imdb,fasttext_cnn,df,5,0.026000000000000023,0.04655641738793916,3,0,2
classic,imdb,fasttext_cnn,dfs,5,0.03600000000000003,0.03895510236156494,4,0,1
classic,imdb,fasttext_cnn,ig,5,0.04200000000000004,0.042807709586008026,4,0,1
classic,imdb,fasttext_lstm,df,5,-0.05600000000000001,0.06767569726275453,1,0,4
classic,imdb,fasttext_lstm,dfs,5,0.05600000000000003,0.04878524367060188,4,0,1
classic,imdb,fasttext_lstm,ig,5,0.04300000000000002,0.03251922508301821,4,0,1
gcn,imdb,fasttext_residual_word_gcn,df,5,-0.018000000000000016,0.07661592523751182,2,0,3
gcn,imdb,fasttext_residual_word_gcn,dfs,5,0.06399999999999999,0.061379964157695636,4,0,1
gcn,imdb,fasttext_residual_word_gcn,ig,5,0.06200000000000001,0.04338778629983325,5,0,0
classic,imdb,fasttext_wa,df,5,-0.004000000000000026,0.019170289512680804,2,0,3
classic,imdb,fasttext_wa,dfs,5,0.006999999999999984,0.01350925608610628,4,0,1
classic,imdb,fasttext_wa,ig,5,0.012999999999999989,0.0351069793630839,3,1,1
classic,imdb,random_cnn,df,5,0.03500000000000001,0.025000000000000015,4,0,1
classic,imdb,random_cnn,dfs,5,0.029000000000000005,0.025836021365527644,4,0,1
classic,imdb,random_cnn,ig,5,0.031000000000000028,0.02815137652051852,4,1,0
classic,imdb,random_lstm,df,5,0.007999999999999985,0.04671723450719227,3,0,2
classic,imdb,random_lstm,dfs,5,0.16199999999999998,0.07604275113381948,5,0,0
classic,imdb,random_lstm,ig,5,0.175,0.049749371855330994,5,0,0
classic,imdb,random_wa,df,5,-0.028000000000000004,0.02167948338867885,0,0,5
classic,imdb,random_wa,dfs,5,0.01200000000000001,0.03962322551231786,4,0,1
classic,imdb,random_wa,ig,5,0.010000000000000009,0.034999999999999976,3,0,2
bert,pang_lee,bert_bilstm_attention,df,5,-0.10700000000000001,0.004472135954999602,0,0,5
bert,pang_lee,bert_bilstm_attention,dfs,5,-0.10200000000000002,0.04236744032862973,0,0,5
bert,pang_lee,bert_bilstm_attention,ig,5,-0.11999999999999997,0.04107919181288742,0,0,5
bert,pang_lee,bert_cls,df,5,-0.099,0.039591665789658254,0,0,5
bert,pang_lee,bert_cls,dfs,5,-0.13599999999999995,0.047749345545253244,0,0,5
bert,pang_lee,bert_cls,ig,5,-0.11499999999999999,0.04716990566028295,0,0,5
bert,pang_lee,bert_cnn,df,5,-0.10200000000000002,0.017535677916750175,0,0,5
bert,pang_lee,bert_cnn,dfs,5,-0.11499999999999999,0.041683330001332626,0,0,5
bert,pang_lee,bert_cnn,ig,5,-0.13899999999999998,0.03927467377331091,0,0,5
bert,pang_lee,bert_mean,df,5,-0.10300000000000001,0.03383784863137725,0,0,5
bert,pang_lee,bert_mean,dfs,5,-0.099,0.024341322889276165,0,0,5
bert,pang_lee,bert_mean,ig,5,-0.10700000000000001,0.02659887215654076,0,0,5
classic,pang_lee,fasttext_cnn,df,5,-0.040999999999999995,0.029025850547399954,0,0,5
classic,pang_lee,fasttext_cnn,dfs,5,-0.009000000000000008,0.025099800796022233,2,1,2
classic,pang_lee,fasttext_cnn,ig,5,-0.01499999999999999,0.04636809247747847,2,0,3
classic,pang_lee,fasttext_lstm,df,5,-0.030000000000000027,0.03201562118716427,1,0,4
classic,pang_lee,fasttext_lstm,dfs,5,0.007999999999999962,0.04932038118263077,2,1,2
classic,pang_lee,fasttext_lstm,ig,5,-0.005000000000000049,0.04286607049870562,3,0,2
gcn,pang_lee,fasttext_residual_word_gcn,df,5,0.0010000000000000009,0.029025850547399947,3,0,2
gcn,pang_lee,fasttext_residual_word_gcn,dfs,5,-0.020999999999999998,0.021035683967962623,1,0,4
gcn,pang_lee,fasttext_residual_word_gcn,ig,5,0.0020000000000000018,0.02018662923818629,2,1,2
classic,pang_lee,fasttext_wa,df,5,-0.026000000000000023,0.030083217912982598,1,0,4
classic,pang_lee,fasttext_wa,dfs,5,-0.0050000000000000044,0.0611350963031874,1,0,4
classic,pang_lee,fasttext_wa,ig,5,-0.001000000000000023,0.0517687164221791,2,1,2
classic,pang_lee,random_cnn,df,5,-0.016999999999999994,0.038826537316634366,1,0,4
classic,pang_lee,random_cnn,dfs,5,0.014000000000000012,0.03646916505762097,3,1,1
classic,pang_lee,random_cnn,ig,5,0.010000000000000009,0.048605555238059,3,0,2
classic,pang_lee,random_lstm,df,5,0.031000000000000007,0.06589764790946637,3,0,2
classic,pang_lee,random_lstm,dfs,5,0.054000000000000006,0.058459387612256095,5,0,0
classic,pang_lee,random_lstm,ig,5,0.048,0.06240993510651971,4,0,1
classic,pang_lee,random_wa,df,5,-0.01200000000000001,0.038177218337642184,1,0,4
classic,pang_lee,random_wa,dfs,5,0.01599999999999997,0.03990613987846982,3,0,2
classic,pang_lee,random_wa,ig,5,0.018999999999999972,0.05424481542046208,3,0,2
bert,reuters8,bert_bilstm_attention,df,5,0.005980099502487568,0.015093595933442311,2,2,1
bert,reuters8,bert_bilstm_attention,dfs,5,0.0019241609212819367,0.023063144811570273,3,0,2
bert,reuters8,bert_bilstm_attention,ig,5,-0.003041013208071308,0.02878686388649552,3,0,2
bert,reuters8,bert_cls,df,5,0.0030304568527918852,0.014384749376431012,3,0,2
bert,reuters8,bert_cls,dfs,5,-0.006025481728413773,0.01295461875217346,1,1,3
bert,reuters8,bert_cls,ig,5,-1.5531479657560077e-05,0.01969661761908776,1,0,4
bert,reuters8,bert_cnn,df,5,-0.009050963456827543,0.015188096137880453,2,0,3
bert,reuters8,bert_cnn,dfs,5,-0.014051266510089167,0.010928994518412076,0,1,4
bert,reuters8,bert_cnn,ig,5,-0.007975124378109455,0.011464984956487033,0,3,2
bert,reuters8,bert_mean,df,5,-0.011000606106523248,0.019455521420779148,1,1,3
bert,reuters8,bert_mean,dfs,5,-0.017026087834936997,0.006720141052130376,0,0,5
bert,reuters8,bert_mean,ig,5,-0.007985377680127304,0.017815225681672098,2,0,3
classic,reuters8,fasttext_cnn,df,5,0.0010003030532616196,0.010822787893504644,2,2,1
classic,reuters8,fasttext_cnn,dfs,5,-0.006980099502487546,0.0103550673640186,1,1,3
classic,reuters8,fasttext_cnn,ig,5,1.0253302017826372e-05,0.006134300201952687,2,2,1
classic,reuters8,fasttext_lstm,df,5,0.02802639088819865,0.007564462911358001,5,0,0
classic,reuters8,fasttext_lstm,dfs,5,0.03904689749223429,0.023471050895712758,4,1,0
classic,reuters8,fasttext_lstm,ig,5,0.026117458393312653,0.020657520695543566,5,0,0
gcn,reuters8,fasttext_residual_word_gcn,df,5,-0.019918579690380578,0.09143154276442174,3,0,2
gcn,reuters8,fasttext_residual_word_gcn,dfs,5,-0.033903957370507866,0.11069311558290533,3,0,2
gcn,reuters8,fasttext_residual_word_gcn,ig,5,-0.037954920827335384,0.10947483066519594,2,1,2
classic,reuters8,fasttext_wa,df,5,0.0009543147208121549,0.016396388994120072,2,0,3
classic,reuters8,fasttext_wa,dfs,5,0.0009288329923983652,0.019916331448538736,3,0,2
classic,reuters8,fasttext_wa,ig,5,0.007025178675152133,0.014803041643793875,4,0,1
classic,reuters8,random_cnn,df,5,0.008909538601409195,0.016392314858879337,3,1,1
classic,reuters8,random_cnn,dfs,5,0.004954920827335419,0.018347748117530534,3,0,2
classic,reuters8,random_cnn,ig,5,0.009894310175013254,0.01845680768437565,4,0,1
classic,reuters8,random_lstm,df,5,0.03303197211909994,0.020180425473397476,4,1,0
classic,reuters8,random_lstm,dfs,5,0.025162840619238836,0.02379950939116719,4,1,0
classic,reuters8,random_lstm,ig,5,0.02517776599237318,0.03409818046226309,4,0,1
classic,reuters8,random_wa,df,5,0.0030758390787181344,0.014471854892454459,2,1,2
classic,reuters8,random_wa,dfs,5,-0.0039344142232997205,0.017857328294964506,2,1,2
classic,reuters8,random_wa,ig,5,0.0020506604035659625,0.018252761048347832,3,0,2
bert,sentence,bert_bilstm_attention,df,5,-0.0178932451582428,0.044881766946155456,2,0,3
bert,sentence,bert_bilstm_attention,dfs,5,-0.026000083547826326,0.015550930312283134,0,0,5
bert,sentence,bert_bilstm_attention,ig,5,-0.024639153724787023,0.01851100831961773,0,0,5
bert,sentence,bert_cls,df,5,-0.0357208731390525,0.03919468210784746,0,0,5
bert,sentence,bert_cls,dfs,5,-0.03551406013515468,0.02175928712663356,0,0,5
bert,sentence,bert_cls,ig,5,-0.020492289499644944,0.01174235012814324,0,0,5
bert,sentence,bert_cnn,df,5,-0.043827968598870816,0.03463048703566804,1,0,4
bert,sentence,bert_cnn,dfs,5,-0.0396989707550474,0.020831984786597774,0,0,5
bert,sentence,bert_cnn,ig,5,-0.04234512321697692,0.017511277439768064,0,0,5
bert,sentence,bert_mean,df,5,-0.06706917438680715,0.034441395341387536,0,0,5
bert,sentence,bert_mean,dfs,5,-0.04647347838521332,0.012955969138611542,0,0,5
bert,sentence,bert_mean,ig,5,-0.03679047811850296,0.03249180231004741,1,0,4
classic,sentence,fasttext_cnn,df,5,-0.00683029187111781,0.024249560155671215,2,1,2
classic,sentence,fasttext_cnn,dfs,5,-0.010958775574471624,0.026313734914257977,2,0,3
classic,sentence,fasttext_cnn,ig,5,-0.015021770635509735,0.0243177969997834,2,0,3
classic,sentence,fasttext_lstm,df,5,-0.028739809575223575,0.007543901972557462,0,0,5
classic,sentence,fasttext_lstm,dfs,5,-0.0013886291408391482,0.01890378210136328,2,0,3
classic,sentence,fasttext_lstm,ig,5,-0.002870831847146027,0.0431639271429588,3,0,2
gcn,sentence,fasttext_residual_word_gcn,df,5,0.0027027079135858224,0.022458457063513147,3,0,2
gcn,sentence,fasttext_residual_word_gcn,dfs,5,0.019103531823688357,0.02333451455638375,3,2,0
gcn,sentence,fasttext_residual_word_gcn,ig,5,0.008069434670419873,0.04194842052611409,3,0,2
classic,sentence,fasttext_wa,df,5,-0.030118348709346755,0.038296263703409314,1,1,3
classic,sentence,fasttext_wa,dfs,5,-0.030071626194171606,0.02971385719173196,1,0,4
classic,sentence,fasttext_wa,ig,5,-0.017798771846953266,0.02807855282387288,2,0,3
classic,sentence,random_cnn,df,5,0.006839996272481575,0.018015982802765527,3,1,1
classic,sentence,random_cnn,dfs,5,-0.010912310129531266,0.03424544058592015,2,1,2
classic,sentence,random_cnn,ig,5,0.009607935758148334,0.03403751439200312,3,0,2
classic,sentence,random_lstm,df,5,-0.02863614600303981,0.0423769645124679,1,0,4
classic,sentence,random_lstm,dfs,5,0.0027590062950073823,0.024086549527683833,3,0,2
classic,sentence,random_lstm,ig,5,0.030156652174332187,0.028181282503107925,4,0,1
classic,sentence,random_wa,df,5,-0.013670545213834217,0.02816450369082764,2,0,3
classic,sentence,random_wa,dfs,5,-0.026055739253660847,0.04601332624278126,1,0,4
classic,sentence,random_wa,ig,5,-0.015021899170627174,0.037237665747146126,2,1,2
bert,sst5,bert_bilstm_attention,df,5,-0.10496587414685368,0.08073996483323316,0,1,4
bert,sst5,bert_bilstm_attention,dfs,5,-0.11912145303632592,0.03523323314399031,0,0,5
bert,sst5,bert_bilstm_attention,ig,5,-0.12906155153878848,0.05828084076028074,0,0,5
bert,sst5,bert_cls,df,5,-0.08603095077376935,0.03424474835178174,0,0,5
bert,sst5,bert_cls,dfs,5,-0.14823708092702317,0.034035656930838654,0,0,5
bert,sst5,bert_cls,ig,5,-0.13425708142703568,0.04424411689209245,0,0,5
bert,sst5,bert_cnn,df,5,-0.11113150328758219,0.02231184933080439,0,0,5
bert,sst5,bert_cnn,dfs,5,-0.11408617715442886,0.061861641609695955,0,0,5
bert,sst5,bert_cnn,ig,5,-0.12712667816695417,0.03193994725455775,0,0,5
bert,sst5,bert_mean,df,5,-0.06399074976874422,0.038875255385875114,0,0,5
bert,sst5,bert_mean,dfs,5,-0.09400135003375085,0.0498948623438956,0,0,5
bert,sst5,bert_mean,ig,5,-0.0970211505287632,0.04244733610023854,0,0,5
classic,sst5,fasttext_cnn,df,5,-0.0400006500162504,0.03905244476276232,1,1,3
classic,sst5,fasttext_cnn,dfs,5,-0.022170454261356533,0.056815745552880166,2,0,3
classic,sst5,fasttext_cnn,ig,5,-0.03305060126503162,0.018958202349519004,0,1,4
classic,sst5,fasttext_lstm,df,5,-0.014035325883147076,0.011460903966289744,0,1,4
classic,sst5,fasttext_lstm,dfs,5,-0.019080252006300168,0.02106480877301295,1,0,4
classic,sst5,fasttext_lstm,ig,5,-0.020045326133153334,0.02900591576224789,1,0,4
gcn,sst5,fasttext_residual_word_gcn,df,5,-0.0310755268881722,0.02854739776558651,0,0,5
gcn,sst5,fasttext_residual_word_gcn,dfs,5,0.011935123378084445,0.03758963197887487,4,0,1
gcn,sst5,fasttext_residual_word_gcn,ig,5,-0.02111527788194705,0.0358414187995146,1,0,4
classic,sst5,fasttext_wa,df,5,0.011004925123128072,0.04813970555418712,2,0,3
classic,sst5,fasttext_wa,dfs,5,-0.017030500762519073,0.042276397623529166,1,0,4
classic,sst5,fasttext_wa,ig,5,-0.0030253256331408407,0.05531954781838771,2,0,3
classic,sst5,random_cnn,df,5,0.027965374134353366,0.034154844812150906,3,0,2
classic,sst5,random_cnn,dfs,5,0.02386547163679093,0.053440271558851574,2,0,3
classic,sst5,random_cnn,ig,5,0.010934973374334373,0.035300749042752204,4,0,1
classic,sst5,random_lstm,df,5,0.03398562464061603,0.028092392436241093,4,1,0
classic,sst5,random_lstm,dfs,5,0.050125728143203596,0.03529889732326252,5,0,0
classic,sst5,random_lstm,ig,5,0.027040101002525074,0.039042896595584575,3,0,2
classic,sst5,random_wa,df,5,-0.008020500512512818,0.04411673986336637,1,0,4
classic,sst5,random_wa,dfs,5,0.005879996999924997,0.04050946268978687,2,1,2
classic,sst5,random_wa,ig,5,-0.011025475636890946,0.02882566296732415,2,0,3
bert,wos5736,bert_bilstm_attention,df,5,0.028242127372981284,0.0425573151879838,3,1,1
bert,wos5736,bert_bilstm_attention,dfs,5,0.044282528383006524,0.025213888783282432,5,0,0
bert,wos5736,bert_bilstm_attention,ig,5,0.04728800961140782,0.031136133690655217,5,0,0
bert,wos5736,bert_cls,df,5,0.036343751233374744,0.033369082951778525,4,0,1
bert,wos5736,bert_cls,dfs,5,0.08049587026477693,0.01920044452235593,5,0,0
bert,wos5736,bert_cls,ig,5,0.0623944024996564,0.0261646242568179,5,0,0
bert,wos5736,bert_cnn,df,5,0.04030324108356518,0.03931336749551174,4,1,0
bert,wos5736,bert_cnn,dfs,5,0.03641456518646471,0.05267750398294624,3,0,2
bert,wos5736,bert_cnn,ig,5,0.05130973452001275,0.03064511338222086,5,0,0
bert,wos5736,bert_mean,df,5,0.05341999032209308,0.028022444234578933,5,0,0
bert,wos5736,bert_mean,dfs,5,0.07552094893742903,0.03006119089052842,5,0,0
bert,wos5736,bert_mean,ig,5,0.06439506165319109,0.02645307217919671,5,0,0
classic,wos5736,fasttext_cnn,df,5,0.013969537055685243,0.024996325029437595,3,0,2
classic,wos5736,fasttext_cnn,dfs,5,0.04419191698066562,0.016412099983455372,5,0,0
classic,wos5736,fasttext_cnn,ig,5,0.04019222307968866,0.01278798093785545,5,0,0
classic,wos5736,fasttext_lstm,df,5,0.08829220730518264,0.05470201482716256,4,1,0
classic,wos5736,fasttext_lstm,dfs,5,0.3729485369113923,0.04350209503369407,5,0,0
classic,wos5736,fasttext_lstm,ig,5,0.3026447488598382,0.05104930238142149,5,0,0
gcn,wos5736,fasttext_residual_word_gcn,df,5,0.010935273381834554,0.046768176805933405,2,1,2
gcn,wos5736,fasttext_residual_word_gcn,dfs,5,0.12062870099671275,0.037215363385332725,5,0,0
gcn,wos5736,fasttext_residual_word_gcn,ig,5,0.07096332230640792,0.09943534144685,4,0,1
classic,wos5736,fasttext_wa,df,5,-0.02521684869532905,0.03310935970210308,1,0,4
classic,wos5736,fasttext_wa,dfs,5,0.03218263197696691,0.01220719028536133,5,0,0
classic,wos5736,fasttext_wa,ig,5,0.031146590847512323,0.016806928822956122,5,0,0
classic,wos5736,random_cnn,df,5,0.014100961661097356,0.013010351298464694,4,1,0
classic,wos5736,random_cnn,dfs,5,0.025106033742214116,0.015882834480889316,5,0,0
classic,wos5736,random_cnn,ig,5,0.030111361921103863,0.015008946419565492,5,0,0
classic,wos5736,random_lstm,df,5,0.11247504537867255,0.040487326791497566,5,0,0
classic,wos5736,random_lstm,dfs,5,0.40404532955963496,0.04230691187095734,5,0,0
classic,wos5736,random_lstm,ig,5,0.29443352835089914,0.06999983609755321,5,0,0
classic,wos5736,random_wa,df,5,0.0072572118871499615,0.042473534481425816,3,1,1
classic,wos5736,random_wa,dfs,5,0.038333394883095465,0.04066171408258125,4,0,1
classic,wos5736,random_wa,ig,5,0.05329937816973338,0.039267024624559464,4,1,0
bert,yelp_review_full,bert_bilstm_attention,df,5,-0.007015075376884417,0.028897571387229037,3,0,2
bert,yelp_review_full,bert_bilstm_attention,dfs,5,-0.04107537688442212,0.05207235180476519,1,0,4
bert,yelp_review_full,bert_bilstm_attention,ig,5,-0.022020100502512574,0.03734289921003826,1,0,4
bert,yelp_review_full,bert_cls,df,5,-0.015015075376884424,0.0464413834952949,2,1,2
bert,yelp_review_full,bert_cls,dfs,5,-0.04311557788944724,0.04372640070637392,1,0,4
bert,yelp_review_full,bert_cls,ig,5,-0.043160804020100495,0.06802173793647283,2,0,3
bert,yelp_review_full,bert_cnn,df,5,0.021130653266331668,0.055457867897527414,4,0,1
bert,yelp_review_full,bert_cnn,dfs,5,-0.0379748743718593,0.06666912878545658,1,0,4
bert,yelp_review_full,bert_cnn,ig,5,-0.04095477386934675,0.06746277710553086,2,0,3
bert,yelp_review_full,bert_mean,df,5,-0.012989949748743712,0.021108727921999186,1,1,3
bert,yelp_review_full,bert_mean,dfs,5,-0.0550603015075377,0.04509803047493721,1,0,4
bert,yelp_review_full,bert_mean,ig,5,-0.03003517587939698,0.02768978509999431,1,0,4
classic,yelp_review_full,fasttext_cnn,df,5,0.04013065326633166,0.035690985285442754,4,0,1
classic,yelp_review_full,fasttext_cnn,dfs,5,0.04207035175879398,0.043731560342222024,3,1,1
classic,yelp_review_full,fasttext_cnn,ig,5,0.05105025125628142,0.037778858879376195,5,0,0
classic,yelp_review_full,fasttext_lstm,df,5,0.021040201005025128,0.025348145326694906,4,0,1
classic,yelp_review_full,fasttext_lstm,dfs,5,0.09816582914572865,0.04018915890162257,5,0,0
classic,yelp_review_full,fasttext_lstm,ig,5,0.09819095477386935,0.03092145224082462,5,0,0
gcn,yelp_review_full,fasttext_residual_word_gcn,df,5,-0.053130653266331665,0.026497173424535524,0,0,5
gcn,yelp_review_full,fasttext_residual_word_gcn,dfs,5,0.02102512562814072,0.015199015609674973,4,0,1
gcn,yelp_review_full,fasttext_residual_word_gcn,ig,5,-0.013015075376884433,0.024720496340480586,2,0,3
classic,yelp_review_full,fasttext_wa,df,5,0.002939698492462295,0.04005640608936657,3,1,1
classic,yelp_review_full,fasttext_wa,dfs,5,0.008999999999999998,0.039173128243921725,3,0,2
classic,yelp_review_full,fasttext_wa,ig,5,0.017040201005025124,0.01924657064397439,4,0,1
classic,yelp_review_full,random_cnn,df,5,0.020040201005025127,0.04330239495866636,3,0,2
classic,yelp_review_full,random_cnn,dfs,5,0.05414070351758794,0.046348303755134976,5,0,0
classic,yelp_review_full,random_cnn,ig,5,0.03312060301507537,0.03836455683611878,4,0,1
classic,yelp_review_full,random_lstm,df,5,0.033095477386934656,0.030594274523104995,4,0,1
classic,yelp_review_full,random_lstm,dfs,5,0.07116582914572864,0.04214414489302065,5,0,0
classic,yelp_review_full,random_lstm,ig,5,0.06522613065326632,0.05353495778232137,4,0,1
classic,yelp_review_full,random_wa,df,5,-0.0010100502512562892,0.0054864097460652515,2,0,3
classic,yelp_review_full,random_wa,dfs,5,0.01906030150753769,0.013938832564322982,4,1,0
classic,yelp_review_full,random_wa,ig,5,0.02109547738693466,0.03970381380911809,3,0,2
bert,yelp_review_polarity,bert_bilstm_attention,df,5,-0.017000000000000015,0.040093640393458946,2,0,3
bert,yelp_review_polarity,bert_bilstm_attention,dfs,5,-0.02200000000000002,0.021965882636488816,0,2,3
bert,yelp_review_polarity,bert_bilstm_attention,ig,5,-0.04200000000000004,0.03492849839314599,1,0,4
bert,yelp_review_polarity,bert_cls,df,5,-0.01200000000000001,0.04751315607281844,2,0,3
bert,yelp_review_polarity,bert_cls,dfs,5,-0.008000000000000007,0.03993745109543175,1,0,4
bert,yelp_review_polarity,bert_cls,ig,5,-0.026000000000000023,0.024083189157584613,1,0,4
bert,yelp_review_polarity,bert_cnn,df,5,-0.014000000000000012,0.021621748310439674,1,0,4
bert,yelp_review_polarity,bert_cnn,dfs,5,-0.02200000000000002,0.025149552679918606,1,0,4
bert,yelp_review_polarity,bert_cnn,ig,5,-0.02300000000000002,0.012549900398011144,0,0,5
bert,yelp_review_polarity,bert_mean,df,5,-0.015000000000000013,0.026220221204253814,2,0,3
bert,yelp_review_polarity,bert_mean,dfs,5,-0.02100000000000002,0.023021728866442697,1,0,4
bert,yelp_review_polarity,bert_mean,ig,5,-0.03600000000000003,0.012942179105544797,0,0,5
classic,yelp_review_polarity,fasttext_cnn,df,5,-0.0010000000000000009,0.023291629397704253,1,0,4
classic,yelp_review_polarity,fasttext_cnn,dfs,5,-0.006000000000000005,0.01673320053068146,2,1,2
classic,yelp_review_polarity,fasttext_cnn,ig,5,-0.013000000000000012,0.03718198488515637,2,0,3
classic,yelp_review_polarity,fasttext_lstm,df,5,-0.036999999999999963,0.02752271788904576,0,0,5
classic,yelp_review_polarity,fasttext_lstm,dfs,5,-0.007999999999999985,0.03701351104664349,2,0,3
classic,yelp_review_polarity,fasttext_lstm,ig,5,-0.008000000000000007,0.04147288270665548,2,0,3
gcn,yelp_review_polarity,fasttext_residual_word_gcn,df,5,-0.005999999999999983,0.0354259791678367,2,0,3
gcn,yelp_review_polarity,fasttext_residual_word_gcn,dfs,5,0.015000000000000013,0.04650268809434567,4,0,1
gcn,yelp_review_polarity,fasttext_residual_word_gcn,ig,5,0.010000000000000031,0.03372684390808009,4,0,1
classic,yelp_review_polarity,fasttext_wa,df,5,-0.007000000000000006,0.014404860290887946,1,1,3
classic,yelp_review_polarity,fasttext_wa,dfs,5,-0.01799999999999997,0.02949576240750525,1,0,4
classic,yelp_review_polarity,fasttext_wa,ig,5,-0.023999999999999976,0.026551836094703508,1,0,4
classic,yelp_review_polarity,random_cnn,df,5,0.029000000000000005,0.032287768581925884,4,0,1
classic,yelp_review_polarity,random_cnn,dfs,5,0.020999999999999998,0.03416869912653977,3,0,2
classic,yelp_review_polarity,random_cnn,ig,5,0.012999999999999989,0.031144823004794854,3,0,2
classic,yelp_review_polarity,random_lstm,df,5,-0.009000000000000008,0.06730527468185536,2,0,3
classic,yelp_review_polarity,random_lstm,dfs,5,0.08700000000000001,0.03581200915893995,5,0,0
classic,yelp_review_polarity,random_lstm,ig,5,0.082,0.03309078421554857,5,0,0
classic,yelp_review_polarity,random_wa,df,5,-0.006000000000000028,0.020432816741702525,1,1,3
classic,yelp_review_polarity,random_wa,dfs,5,-0.004000000000000026,0.04979959839195489,2,0,3
classic,yelp_review_polarity,random_wa,ig,5,-0.006000000000000005,0.04979959839195487,2,0,3
